idx	protein_id
0	A1BG
1	AAMDC
2	AARSD1
3	ABCA2
4	ABHD14B
5	ABL1
6	ABO
7	ABRAXAS2
8	ACAA1
9	ACADM
10	ACADSB
11	ACAN
12	ACE
13	ACE2
14	ACHE
15	ACOT13
16	ACOX1
17	ACP1
18	ACP5
19	ACP6
20	ACRBP
21	ACRV1
22	ACTA2
23	ACTN2
24	ACTN4
25	ACVRL1
26	ACY1
27	ACY3
28	ACYP1
29	ADA
30	ADA2
31	ADAM12
32	ADAM15
33	ADAM22
34	ADAM23
35	ADAM8
36	ADAM9
37	ADAMTS1
38	ADAMTS13
39	ADAMTS15
40	ADAMTS16
41	ADAMTS4
42	ADAMTS8
43	ADAMTSL2
44	ADAMTSL4
45	ADAMTSL5
46	ADCYAP1R1
47	ADD1
48	ADGRB3
49	ADGRD1
50	ADGRE1
51	ADGRE2
52	ADGRE5
53	ADGRF5
54	ADGRG1
55	ADGRG2
56	ADGRV1
57	ADH1B
58	ADH4
59	ADM
60	ADRA2A
61	AFAP1
62	AFM
63	AFP
64	AGER
65	AGR2
66	AGR3
67	AGRN
68	AGRP
69	AGT
70	AGXT
71	AHCY
72	AHNAK
73	AHNAK2
74	AHSA1
75	AHSG
76	AHSP
77	AIDA
78	AIF1
79	AIF1L
80	AIFM1
81	AK1
82	AK2
83	AKAP12
84	AKR1B1
85	AKR1B10
86	AKR1C4
87	AKR7L
88	AKT1S1
89	AKT2
90	AKT3
91	ALCAM
92	ALDH1A1
93	ALDH2
94	ALDH3A1
95	ALDH5A1
96	ALMS1
97	ALPI
98	ALPP
99	AMBN
100	AMBP
101	AMDHD2
102	AMFR
103	AMIGO1
104	AMIGO2
105	AMN
106	AMOT
107	AMOTL2
108	AMPD3
109	AMY1A_AMY1B_AMY1C
110	AMY2A
111	AMY2B
112	ANG
113	ANGPT1
114	ANGPT2
115	ANGPTL1
116	ANGPTL2
117	ANGPTL3
118	ANGPTL4
119	ANGPTL7
120	ANK2
121	ANKMY2
122	ANKRA2
123	ANKRD54
124	ANP32C
125	ANPEP
126	ANXA1
127	ANXA10
128	ANXA11
129	ANXA2
130	ANXA3
131	ANXA4
132	ANXA5
133	AOC1
134	AOC3
135	AP1G2
136	AP2B1
137	AP3B1
138	AP3S2
139	APBB1IP
140	APCS
141	APEX1
142	APLP1
143	APOA1
144	APOA2
145	APOA4
146	APOB
147	APOBR
148	APOC1
149	APOD
150	APOE
151	APOF
152	APOH
153	APOL1
154	APOM
155	APP
156	APPL2
157	APRT
158	ARAF
159	AREG
160	ARF6
161	ARFIP1
162	ARG1
163	ARG2
164	ARHGAP1
165	ARHGAP25
166	ARHGAP30
167	ARHGAP45
168	ARHGAP5
169	ARHGEF1
170	ARHGEF10
171	ARHGEF12
172	ARHGEF5
173	ARID3A
174	ARID4B
175	ARL2BP
176	ARMCX2
177	ARNT
178	ARNTL
179	ARSA
180	ARSB
181	ART3
182	ART5
183	ARTN
184	ASAH1
185	ASAH2
186	ASGR1
187	ASGR2
188	ASPN
189	ASPSCR1
190	ASRGL1
191	ASS1
192	ATF2
193	ATF4
194	ATG16L1
195	ATG4A
196	ATOX1
197	ATP1B1
198	ATP1B2
199	ATP1B3
200	ATP1B4
201	ATP2B4
202	ATP5F1D
203	ATP5IF1
204	ATP5PO
205	ATP6AP2
206	ATP6V1D
207	ATP6V1F
208	ATP6V1G1
209	ATRAID
210	ATRN
211	ATXN10
212	ATXN2
213	ATXN2L
214	ATXN3
215	AXIN1
216	AXL
217	AZI2
218	AZU1
219	B2M
220	B3GNT7
221	B4GALT1
222	B4GAT1
223	BABAM1
224	BACH1
225	BAG3
226	BAG4
227	BAG6
228	BAIAP2
229	BAMBI
230	BANK1
231	BAP18
232	BATF
233	BAX
234	BCAM
235	BCAN
236	BCAT1
237	BCAT2
238	BCHE
239	BCL2
240	BCL2L1
241	BCL2L11
242	BCL2L15
243	BCL7A
244	BCL7B
245	BCR
246	BDNF
247	BECN1
248	BEX3
249	BGLAP
250	BGN
251	BHLHE40
252	BHMT2
253	BID
254	BIN2
255	BIRC2
256	BLMH
257	BLNK
258	BLOC1S2
259	BLOC1S3
260	BLVRB
261	BMP10
262	BMP4
263	BMP6
264	BMPER
265	BNIP2
266	BNIP3L
267	BOC
268	BOLA1
269	BOLA2_BOLA2B
270	BPIFA2
271	BPIFB1
272	BPIFB2
273	BRAP
274	BRD1
275	BRD2
276	BRD3
277	BRDT
278	BRK1
279	BRME1
280	BRSK2
281	BSG
282	BSND
283	BST1
284	BST2
285	BTC
286	BTD
287	BTLA
288	BTN1A1
289	BTN2A1
290	BTN3A2
291	BTNL10
292	C19orf12
293	C1GALT1C1
294	C1QA
295	C1QBP
296	C1QL2
297	C1QTNF1
298	C1QTNF5
299	C1QTNF6
300	C1QTNF9
301	C1R
302	C1RL
303	C1S
304	C2
305	C2CD2L
306	C2orf69
307	C3
308	C4BPB
309	C5
310	C7
311	C7orf50
312	C8B
313	C9
314	C9orf40
315	CA1
316	CA11
317	CA12
318	CA13
319	CA14
320	CA2
321	CA3
322	CA4
323	CA5A
324	CA6
325	CA7
326	CA8
327	CA9
328	CABP2
329	CACNA1C
330	CACNA1H
331	CACNB1
332	CACNB3
333	CACYBP
334	CADPS
335	CALB1
336	CALB2
337	CALCA
338	CALCB
339	CALCOCO1
340	CALCOCO2
341	CALY
342	CAMKK1
343	CAMLG
344	CAMSAP1
345	CANT1
346	CAPG
347	CAPN3
348	CAPS
349	CARHSP1
350	CASC3
351	CASC4
352	CASP1
353	CASP10
354	CASP2
355	CASP3
356	CASP4
357	CASP7
358	CASP8
359	CASQ2
360	CAT
361	CBLIF
362	CBLN1
363	CBLN4
364	CBS
365	CC2D1A
366	CCAR2
367	CCDC134
368	CCDC28A
369	CCDC50
370	CCDC80
371	CCER2
372	CCL11
373	CCL13
374	CCL14
375	CCL15
376	CCL16
377	CCL17
378	CCL18
379	CCL19
380	CCL2
381	CCL20
382	CCL21
383	CCL22
384	CCL23
385	CCL24
386	CCL25
387	CCL26
388	CCL27
389	CCL28
390	CCL3
391	CCL4
392	CCL5
393	CCL7
394	CCL8
395	CCN1
396	CCN2
397	CCN3
398	CCN4
399	CCN5
400	CCND2
401	CCNE1
402	CCS
403	CCT5
404	CD101
405	CD109
406	CD14
407	CD160
408	CD163
409	CD164
410	CD164L2
411	CD177
412	CD1C
413	CD2
414	CD200
415	CD200R1
416	CD207
417	CD209
418	CD22
419	CD226
420	CD244
421	CD248
422	CD27
423	CD274
424	CD276
425	CD28
426	CD2AP
427	CD300A
428	CD300C
429	CD300E
430	CD300LF
431	CD300LG
432	CD302
433	CD33
434	CD34
435	CD36
436	CD38
437	CD3D
438	CD3E
439	CD3G
440	CD4
441	CD40
442	CD40LG
443	CD46
444	CD48
445	CD5
446	CD55
447	CD58
448	CD59
449	CD5L
450	CD6
451	CD63
452	CD69
453	CD7
454	CD70
455	CD72
456	CD74
457	CD79B
458	CD80
459	CD82
460	CD83
461	CD84
462	CD86
463	CD8A
464	CD93
465	CD97
466	CD99
467	CD99L2
468	CDA
469	CDAN1
470	CDC123
471	CDC25A
472	CDC26
473	CDC27
474	CDC37
475	CDC42BPB
476	CDCP1
477	CDH1
478	CDH15
479	CDH17
480	CDH2
481	CDH22
482	CDH3
483	CDH4
484	CDH5
485	CDH6
486	CDHR1
487	CDHR2
488	CDHR5
489	CDK1
490	CDK5RAP3
491	CDKL5
492	CDKN1A
493	CDKN2D
494	CDNF
495	CDON
496	CDSN
497	CEACAM1
498	CEACAM16
499	CEACAM18
500	CEACAM19
501	CEACAM20
502	CEACAM21
503	CEACAM3
504	CEACAM5
505	CEACAM6
506	CEACAM8
507	CEBPA
508	CEBPB
509	CELA2A
510	CELA3A
511	CELSR2
512	CEMIP2
513	CEND1
514	CENPF
515	CENPJ
516	CEP112
517	CEP152
518	CEP164
519	CEP170
520	CEP20
521	CEP290
522	CEP350
523	CEP43
524	CEP85
525	CERT
526	CERT1
527	CES1
528	CES2
529	CES3
530	CETN2
531	CETN3
532	CFB
533	CFC1
534	CFD
535	CFH
536	CFHR2
537	CFHR4
538	CFHR5
539	CFI
540	CFP
541	CGA
542	CGB3_CGB5_CGB8
543	CGN
544	CGREF1
545	CHAC2
546	CHAD
547	CHCHD10
548	CHCHD6
549	CHEK2
550	CHGA
551	CHGB
552	CHI3L1
553	CHIT1
554	CHL1
555	CHM
556	CHMP1A
557	CHMP6
558	CHP1
559	CHRDL1
560	CHRDL2
561	CHRM1
562	CIAPIN1
563	CILP
564	CINP
565	CIRBP
566	CIT
567	CKAP4
568	CKB
569	CKMT1A_CKMT1B
570	CLASP1
571	CLC
572	CLEC10A
573	CLEC11A
574	CLEC12A
575	CLEC14A
576	CLEC1A
577	CLEC1B
578	CLEC2L
579	CLEC4A
580	CLEC4C
581	CLEC4D
582	CLEC4G
583	CLEC4M
584	CLEC5A
585	CLEC6A
586	CLEC7A
587	CLGN
588	CLIC5
589	CLINT1
590	CLIP2
591	CLMP
592	CLNS1A
593	CLPP
594	CLPS
595	CLSPN
596	CLSTN1
597	CLSTN2
598	CLSTN3
599	CLTA
600	CLU
601	CLUL1
602	CMC1
603	CMIP
604	CNDP1
605	CNGB3
606	CNP
607	CNPY2
608	CNPY4
609	CNST
610	CNTF
611	CNTN1
612	CNTN2
613	CNTN3
614	CNTN4
615	CNTN5
616	CNTNAP2
617	COCH
618	COL15A1
619	COL18A1
620	COL1A1
621	COL24A1
622	COL28A1
623	COL2A1
624	COL3A1
625	COL4A1
626	COL4A4
627	COL5A1
628	COL6A3
629	COL9A1
630	COL9A2
631	COLEC12
632	COMMD1
633	COMMD9
634	COMP
635	COMT
636	COPB2
637	COPE
638	COQ7
639	CORO1A
640	CORO6
641	COX5B
642	COX6B1
643	CPA1
644	CPA2
645	CPA4
646	CPB1
647	CPB2
648	CPE
649	CPM
650	CPOX
651	CPPED1
652	CPQ
653	CPTP
654	CPVL
655	CPXM1
656	CPXM2
657	CR1
658	CR2
659	CRACR2A
660	CRADD
661	CREB3
662	CREBZF
663	CREG1
664	CRELD1
665	CRELD2
666	CRH
667	CRHBP
668	CRHR1
669	CRIM1
670	CRIP2
671	CRISP2
672	CRISP3
673	CRKL
674	CRLF1
675	CRNN
676	CRTAC1
677	CRTAM
678	CRTAP
679	CRX
680	CRYBB1
681	CRYBB2
682	CRYGD
683	CRYM
684	CRYZL1
685	CSDE1
686	CSF1
687	CSF1R
688	CSF2
689	CSF2RA
690	CSF2RB
691	CSF3
692	CSF3R
693	CSH1
694	CSNK1D
695	CSNK2A1
696	CSPG4
697	CSPG5
698	CSRP3
699	CST1
700	CST3
701	CST5
702	CST6
703	CST7
704	CSTB
705	CTBS
706	CTF1
707	CTHRC1
708	CTLA4
709	CTNNA1
710	CTRB1
711	CTRC
712	CTRL
713	CTSB
714	CTSC
715	CTSD
716	CTSE
717	CTSF
718	CTSH
719	CTSL
720	CTSO
721	CTSS
722	CTSV
723	CTSZ
724	CUZD1
725	CWC15
726	CX3CL1
727	CXADR
728	CXCL1
729	CXCL10
730	CXCL11
731	CXCL12
732	CXCL13
733	CXCL14
734	CXCL16
735	CXCL17
736	CXCL3
737	CXCL5
738	CXCL6
739	CXCL8
740	CXCL9
741	CYB5A
742	CYB5R2
743	CYP24A1
744	CYTH3
745	CYTL1
746	DAAM1
747	DAB2
748	DAG1
749	DAND5
750	DAPK2
751	DAPP1
752	DARS
753	DARS1
754	DBH
755	DBI
756	DBN1
757	DBNL
758	DCBLD2
759	DCC
760	DCDC2C
761	DCLRE1C
762	DCN
763	DCTD
764	DCTN1
765	DCTN2
766	DCTN6
767	DCTPP1
768	DCUN1D1
769	DCUN1D2
770	DCXR
771	DDA1
772	DDAH1
773	DDC
774	DDHD2
775	DDI2
776	DDR1
777	DDT
778	DDX1
779	DDX25
780	DDX39A
781	DDX4
782	DDX53
783	DDX58
784	DECR1
785	DEFA1_DEFA1B
786	DEFB103A_DEFB103B
787	DEFB104A_DEFB104B
788	DEFB116
789	DEFB118
790	DEFB4A_DEFB4B
791	DENND2B
792	DENR
793	DFFA
794	DGCR6
795	DGKA
796	DGKZ
797	DHODH
798	DHPS
799	DHRS4L2
800	DIABLO
801	DIPK1C
802	DIPK2B
803	DKK1
804	DKK3
805	DKK4
806	DKKL1
807	DLG4
808	DLGAP5
809	DLK1
810	DLL1
811	DLL4
812	DMD
813	DMP1
814	DNAJA1
815	DNAJA2
816	DNAJA4
817	DNAJB1
818	DNAJB14
819	DNAJB2
820	DNAJB8
821	DNAJC21
822	DNAJC6
823	DNAJC9
824	DNER
825	DNLZ
826	DNM1
827	DNM3
828	DNMBP
829	DNPEP
830	DNPH1
831	DOC2B
832	DOCK9
833	DOK1
834	DOK2
835	DPEP1
836	DPEP2
837	DPP10
838	DPP4
839	DPP6
840	DPP7
841	DPT
842	DPY30
843	DRAXIN
844	DRG2
845	DSC2
846	DSCAM
847	DSG2
848	DSG3
849	DSG4
850	DTD1
851	DTNB
852	DTX2
853	DTX3
854	DTYMK
855	DUOX2
856	DUSP13
857	DUSP29
858	DUSP3
859	DUT
860	DXO
861	DYNC1H1
862	DYNLT1
863	DYNLT3
864	EBAG9
865	EBI3_IL27
866	ECE1
867	ECHDC3
868	ECHS1
869	ECI2
870	ECM1
871	ECSCR
872	EDA2R
873	EDAR
874	EDDM3B
875	EDF1
876	EDIL3
877	EDN1
878	EDNRB
879	EEF1D
880	EFCAB14
881	EFCAB2
882	EFEMP1
883	EFHD1
884	EFNA1
885	EFNA4
886	EFNB2
887	EGF
888	EGFL7
889	EGFLAM
890	EGFR
891	EGLN1
892	EHBP1
893	EHD3
894	EIF1AX
895	EIF2AK2
896	EIF2AK3
897	EIF2S2
898	EIF4B
899	EIF4E
900	EIF4EBP1
901	EIF4G1
902	EIF4G3
903	EIF5
904	EIF5A
905	ELAC1
906	ELAVL4
907	ELN
908	ELOA
909	ELOB
910	ENAH
911	ENDOU
912	ENG
913	ENO1
914	ENO2
915	ENO3
916	ENOPH1
917	ENPEP
918	ENPP2
919	ENPP5
920	ENPP6
921	ENPP7
922	ENSA
923	ENTPD2
924	ENTPD5
925	ENTPD6
926	ENTR1
927	EPB41L5
928	EPCAM
929	EPGN
930	EPHA1
931	EPHA10
932	EPHA2
933	EPHA4
934	EPHB4
935	EPHB6
936	EPHX2
937	EPN1
938	EPO
939	EPPK1
940	EPS8L2
941	ERBB2
942	ERBB3
943	ERBB4
944	ERBIN
945	ERC2
946	ERCC1
947	EREG
948	ERI1
949	ERMAP
950	ERN1
951	ERP29
952	ERP44
953	ERVV-1
954	ESAM
955	ESM1
956	ESPL1
957	ESR1
958	ESYT2
959	EVI2B
960	EVI5
961	EVPL
962	EXOSC10
963	EXTL1
964	EZR
965	F10
966	F11
967	F11R
968	F12
969	F13B
970	F2
971	F2R
972	F3
973	F7
974	F9
975	FABP1
976	FABP2
977	FABP3
978	FABP4
979	FABP5
980	FABP6
981	FABP9
982	FADD
983	FAM13A
984	FAM171A2
985	FAM171B
986	FAM172A
987	FAM20A
988	FAM3B
989	FAM3C
990	FAM3D
991	FAP
992	FARSA
993	FAS
994	FASLG
995	FBLN2
996	FBN2
997	FBP1
998	FCAMR
999	FCAR
1000	FCER1A
1001	FCER2
1002	FCGR2A
1003	FCGR2B
1004	FCGR3B
1005	FCN1
1006	FCN2
1007	FCRL1
1008	FCRL2
1009	FCRL3
1010	FCRL5
1011	FCRL6
1012	FCRLB
1013	FDX1
1014	FDX2
1015	FEN1
1016	FES
1017	FETUB
1018	FGA
1019	FGD3
1020	FGF12
1021	FGF16
1022	FGF19
1023	FGF2
1024	FGF20
1025	FGF21
1026	FGF23
1027	FGF5
1028	FGF6
1029	FGF7
1030	FGF9
1031	FGFBP1
1032	FGFBP2
1033	FGFBP3
1034	FGFR1OP
1035	FGFR2
1036	FGFR4
1037	FGL1
1038	FGR
1039	FH
1040	FHIP2A
1041	FHIT
1042	FIS1
1043	FKBP14
1044	FKBP1B
1045	FKBP4
1046	FKBP5
1047	FKBP7
1048	FKBPL
1049	FLI1
1050	FLRT2
1051	FLT1
1052	FLT3
1053	FLT3LG
1054	FLT4
1055	FMNL1
1056	FMR1
1057	FN1
1058	FNDC1
1059	FNTA
1060	FOLH1
1061	FOLR1
1062	FOLR2
1063	FOLR3
1064	FOPNL
1065	FOS
1066	FOSB
1067	FOXJ3
1068	FOXO1
1069	FOXO3
1070	FRMD4B
1071	FRMD7
1072	FRZB
1073	FSHB
1074	FST
1075	FSTL1
1076	FSTL3
1077	FTCD
1078	FUCA1
1079	FUOM
1080	FURIN
1081	FUS
1082	FUT1
1083	FUT3_FUT5
1084	FUT8
1085	FXN
1086	FXYD5
1087	FYB1
1088	FZD10
1089	FZD8
1090	GABARAP
1091	GABRA4
1092	GAD1
1093	GAD2
1094	GADD45B
1095	GADD45GIP1
1096	GAGE2A
1097	GAL
1098	GALNT10
1099	GALNT2
1100	GALNT3
1101	GALNT5
1102	GALNT7
1103	GAMT
1104	GAPDH
1105	GART
1106	GAS2
1107	GAS6
1108	GASK1A
1109	GAST
1110	GATA3
1111	GATD3
1112	GBA
1113	GBP1
1114	GBP2
1115	GBP4
1116	GC
1117	GCC1
1118	GCG
1119	GCHFR
1120	GCLM
1121	GCNT1
1122	GDF15
1123	GDF2
1124	GDNF
1125	GET3
1126	GFAP
1127	GFER
1128	GFOD2
1129	GFRA1
1130	GFRA2
1131	GFRA3
1132	GFRAL
1133	GGA1
1134	GGACT
1135	GGCT
1136	GGH
1137	GGT1
1138	GGT5
1139	GH1
1140	GH2
1141	GHR
1142	GHRHR
1143	GHRL
1144	GID8
1145	GIGYF2
1146	GIMAP7
1147	GIMAP8
1148	GIPC2
1149	GIPC3
1150	GIT1
1151	GJA8
1152	GKN1
1153	GLB1
1154	GLI2
1155	GLIPR1
1156	GLO1
1157	GLOD4
1158	GLP1R
1159	GLRX
1160	GLRX5
1161	GLT8D2
1162	GLYR1
1163	GM2A
1164	GMFG
1165	GMPR
1166	GMPR2
1167	GNAS
1168	GNE
1169	GNGT1
1170	GNLY
1171	GNPDA1
1172	GNPDA2
1173	GOLGA3
1174	GOLM2
1175	GOPC
1176	GORASP2
1177	GOT1
1178	GP1BA
1179	GP1BB
1180	GP2
1181	GP5
1182	GP6
1183	GPA33
1184	GPC1
1185	GPC5
1186	GPD1
1187	GPHA2
1188	GPI
1189	GPIHBP1
1190	GPKOW
1191	GPNMB
1192	GPR101
1193	GPR158
1194	GPR15L
1195	GPR37
1196	GPRC5C
1197	GRAP2
1198	GRHPR
1199	GRIK2
1200	GRIN2B
1201	GRK5
1202	GRN
1203	GRP
1204	GRPEL1
1205	GRSF1
1206	GSAP
1207	GSN
1208	GSR
1209	GSTA1
1210	GSTA3
1211	GSTM4
1212	GSTP1
1213	GSTT2B
1214	GTF2IRD1
1215	GTPBP2
1216	GUCA2A
1217	GUCY2C
1218	GUK1
1219	GUSB
1220	GYS1
1221	GZMA
1222	GZMB
1223	GZMH
1224	H2AP
1225	HADH
1226	HAGH
1227	HAO1
1228	HARS
1229	HARS1
1230	HAVCR1
1231	HAVCR2
1232	HBEGF
1233	HBQ1
1234	HBZ
1235	HCG22
1236	HCLS1
1237	HDAC8
1238	HDAC9
1239	HDDC2
1240	HDGF
1241	HDGFL2
1242	HEBP1
1243	HEG1
1244	HEPACAM2
1245	HEPH
1246	HEXIM1
1247	HGF
1248	HGFAC
1249	HGS
1250	HHEX
1251	HIF1A
1252	HIP1
1253	HIP1R
1254	HJV
1255	HK2
1256	HLA-A
1257	HLA-DRA
1258	HLA-E
1259	HMBS
1260	HMCN2
1261	HMGCL
1262	HMGCS1
1263	HMMR
1264	HMOX1
1265	HMOX2
1266	HNF1A
1267	HNMT
1268	HNRNPK
1269	HNRNPUL1
1270	HPCAL1
1271	HPGDS
1272	HPSE
1273	HRAS
1274	HRC
1275	HRG
1276	HS1BP3
1277	HS3ST3B1
1278	HS6ST1
1279	HS6ST2
1280	HSBP1
1281	HSD11B1
1282	HSD17B14
1283	HSD17B3
1284	HSDL2
1285	HSP90B1
1286	HSPA1A
1287	HSPA2
1288	HSPB1
1289	HSPB6
1290	HSPG2
1291	HTR1A
1292	HTR1B
1293	HTRA2
1294	HYAL1
1295	HYOU1
1296	ICA1
1297	ICAM1
1298	ICAM2
1299	ICAM3
1300	ICAM4
1301	ICAM5
1302	ICOSLG
1303	ID4
1304	IDI2
1305	IDO1
1306	IDS
1307	IDUA
1308	IFI30
1309	IFIT3
1310	IFNAR1
1311	IFNG
1312	IFNGR1
1313	IFNGR2
1314	IFNL1
1315	IFNL2
1316	IFNLR1
1317	IFNW1
1318	IFT20
1319	IGBP1
1320	IGDCC3
1321	IGDCC4
1322	IGF1R
1323	IGF2BP3
1324	IGF2R
1325	IGFBP1
1326	IGFBP2
1327	IGFBP3
1328	IGFBP4
1329	IGFBP6
1330	IGFBP7
1331	IGFBPL1
1332	IGFL4
1333	IGHMBP2
1334	IGLC2
1335	IGLON5
1336	IGSF21
1337	IGSF3
1338	IGSF8
1339	IGSF9
1340	IKBKG
1341	IKZF2
1342	IL10
1343	IL10RA
1344	IL10RB
1345	IL11
1346	IL12A_IL12B
1347	IL12B
1348	IL12RB1
1349	IL12RB2
1350	IL13
1351	IL13RA1
1352	IL13RA2
1353	IL15
1354	IL15RA
1355	IL16
1356	IL17A
1357	IL17C
1358	IL17D
1359	IL17F
1360	IL17RA
1361	IL17RB
1362	IL18
1363	IL18BP
1364	IL18R1
1365	IL18RAP
1366	IL19
1367	IL1A
1368	IL1B
1369	IL1R1
1370	IL1R2
1371	IL1RAP
1372	IL1RL1
1373	IL1RL2
1374	IL1RN
1375	IL2
1376	IL20
1377	IL20RA
1378	IL20RB
1379	IL21R
1380	IL22
1381	IL22RA1
1382	IL24
1383	IL25
1384	IL2RA
1385	IL2RB
1386	IL2RG
1387	IL3
1388	IL31
1389	IL31RA
1390	IL32
1391	IL33
1392	IL34
1393	IL36A
1394	IL36G
1395	IL3RA
1396	IL4
1397	IL4R
1398	IL5
1399	IL5RA
1400	IL6
1401	IL6R
1402	IL6ST
1403	IL7
1404	IL7R
1405	IL9
1406	ILKAP
1407	IMMT
1408	IMPA1
1409	IMPACT
1410	IMPG1
1411	ING1
1412	INHBB
1413	INHBC
1414	INPP1
1415	INPP5D
1416	INPP5J
1417	INPPL1
1418	INSL3
1419	INSL4
1420	INSL5
1421	INSR
1422	IPCEF1
1423	IQGAP2
1424	IRAG2
1425	IRAK1
1426	IRAK4
1427	ISLR2
1428	ISM1
1429	ISM2
1430	IST1
1431	ITGA11
1432	ITGA2
1433	ITGA5
1434	ITGA6
1435	ITGAL
1436	ITGAM
1437	ITGAV
1438	ITGAX
1439	ITGB1
1440	ITGB1BP1
1441	ITGB1BP2
1442	ITGB2
1443	ITGB5
1444	ITGB6
1445	ITGB7
1446	ITGBL1
1447	ITIH1
1448	ITIH3
1449	ITIH4
1450	ITIH5
1451	ITM2A
1452	ITPA
1453	ITPR1
1454	ITPRIP
1455	IVD
1456	IZUMO1
1457	JAM2
1458	JAM3
1459	JCHAIN
1460	JMJD1C
1461	JPT2
1462	JUN
1463	KAZALD1
1464	KAZN
1465	KCNC4
1466	KCNIP4
1467	KCTD5
1468	KDM3A
1469	KDR
1470	KEL
1471	KHDC3L
1472	KHK
1473	KIAA0319
1474	KIAA1549
1475	KIAA1549L
1476	KIAA2013
1477	KIF1C
1478	KIF20B
1479	KIF22
1480	KIFBP
1481	KIR2DL2
1482	KIR2DL3
1483	KIR2DS4
1484	KIR3DL1
1485	KIR3DL2
1486	KIRREL1
1487	KIRREL2
1488	KIT
1489	KITLG
1490	KLB
1491	KLF4
1492	KLHL41
1493	KLK1
1494	KLK10
1495	KLK11
1496	KLK12
1497	KLK13
1498	KLK14
1499	KLK15
1500	KLK3
1501	KLK4
1502	KLK6
1503	KLK7
1504	KLK8
1505	KLKB1
1506	KLRB1
1507	KLRC1
1508	KLRD1
1509	KLRF1
1510	KLRK1
1511	KRT14
1512	KRT18
1513	KRT19
1514	KRT5
1515	KRT6C
1516	KRT8
1517	KYAT1
1518	KYNU
1519	L1CAM
1520	L3HYPDH
1521	LACRT
1522	LACTB2
1523	LAG3
1524	LAIR1
1525	LAIR2
1526	LAMA1
1527	LAMA4
1528	LAMB1
1529	LAMP1
1530	LAMP2
1531	LAMP3
1532	LAMTOR5
1533	LAP3
1534	LARP1
1535	LAT
1536	LAT2
1537	LATS1
1538	LAYN
1539	LBP
1540	LBR
1541	LCAT
1542	LCN15
1543	LCN2
1544	LCP1
1545	LDLR
1546	LDLRAP1
1547	LECT2
1548	LEFTY2
1549	LEG1
1550	LEO1
1551	LEP
1552	LEPR
1553	LETM1
1554	LGALS1
1555	LGALS3
1556	LGALS3BP
1557	LGALS4
1558	LGALS7_LGALS7B
1559	LGALS8
1560	LGALS9
1561	LGMN
1562	LHB
1563	LHPP
1564	LIF
1565	LIFR
1566	LILRA2
1567	LILRA3
1568	LILRA4
1569	LILRA5
1570	LILRA6
1571	LILRB1
1572	LILRB2
1573	LILRB4
1574	LILRB5
1575	LIPF
1576	LMNB1
1577	LMNB2
1578	LMOD1
1579	LMOD2
1580	LONP1
1581	LPA
1582	LPCAT2
1583	LPL
1584	LPO
1585	LPP
1586	LRCH4
1587	LRFN2
1588	LRG1
1589	LRIG1
1590	LRIG3
1591	LRMP
1592	LRP1
1593	LRP11
1594	LRP2
1595	LRP2BP
1596	LRPAP1
1597	LRRC25
1598	LRRC37A2
1599	LRRC38
1600	LRRFIP1
1601	LRRN1
1602	LRTM1
1603	LRTM2
1604	LSM1
1605	LSM8
1606	LSP1
1607	LTA
1608	LTA4H
1609	LTB
1610	LTBP2
1611	LTBP3
1612	LTBR
1613	LTO1
1614	LUZP2
1615	LXN
1616	LY6D
1617	LY75
1618	LY9
1619	LY96
1620	LYAR
1621	LYN
1622	LYPD1
1623	LYPD3
1624	LYPD8
1625	LYPLA2
1626	LYSMD3
1627	LYVE1
1628	LYZL2
1629	LZTFL1
1630	M6PR
1631	MAD1L1
1632	MAEA
1633	MAG
1634	MAGED1
1635	MAMDC2
1636	MAMDC4
1637	MAN1A2
1638	MAN2B2
1639	MANEAL
1640	MANF
1641	MANSC1
1642	MANSC4
1643	MAP1LC3A
1644	MAP1LC3B2
1645	MAP2
1646	MAP2K1
1647	MAP2K6
1648	MAP3K5
1649	MAP4K5
1650	MAPK13
1651	MAPK9
1652	MAPKAPK2
1653	MAPRE3
1654	MAPT
1655	MARCO
1656	MARS1
1657	MASP1
1658	MATN2
1659	MATN3
1660	MAVS
1661	MAX
1662	MB
1663	MBL2
1664	MCAM
1665	MCEE
1666	MCFD2
1667	MCTS1
1668	MDGA1
1669	MDH1
1670	MDK
1671	MDM1
1672	MECR
1673	MED18
1674	MED21
1675	MEGF10
1676	MEGF11
1677	MEGF9
1678	MELTF
1679	MENT
1680	MEP1A
1681	MEP1B
1682	MEPE
1683	MERTK
1684	MESD
1685	MET
1686	METAP1
1687	METAP1D
1688	METAP2
1689	MFAP3
1690	MFAP3L
1691	MFAP4
1692	MFAP5
1693	MFGE8
1694	MGLL
1695	MGMT
1696	MIA
1697	MICALL2
1698	MICB_MICA
1699	MIF
1700	MILR1
1701	MINDY1
1702	MINK1
1703	MITD1
1704	MKI67
1705	MLLT1
1706	MLN
1707	MME
1708	MMP1
1709	MMP10
1710	MMP12
1711	MMP13
1712	MMP15
1713	MMP3
1714	MMP7
1715	MMP8
1716	MMP9
1717	MN1
1718	MNAT1
1719	MNDA
1720	MOCS2
1721	MOG
1722	MORC3
1723	MORF4L1
1724	MORF4L2
1725	MORN4
1726	MPHOSPH8
1727	MPI
1728	MPIG6B
1729	MPO
1730	MPRIP
1731	MRC1
1732	MRPL24
1733	MRPL28
1734	MRPL46
1735	MRPL52
1736	MRPL58
1737	MRPS16
1738	MSLN
1739	MSLNL
1740	MSMB
1741	MSR1
1742	MSRA
1743	MST1
1744	MSTN
1745	MTDH
1746	MTHFD2
1747	MTIF3
1748	MTPN
1749	MTR
1750	MTSS1
1751	MTSS2
1752	MTUS1
1753	MUC13
1754	MUC16
1755	MUC2
1756	MUCL3
1757	MVK
1758	MXRA8
1759	MYBPC1
1760	MYBPC2
1761	MYCBP2
1762	MYDGF
1763	MYH4
1764	MYH7B
1765	MYH9
1766	MYL1
1767	MYL3
1768	MYL4
1769	MYL6B
1770	MYLPF
1771	MYO6
1772	MYO9B
1773	MYOC
1774	MYOM1
1775	MYOM2
1776	MYOM3
1777	MZB1
1778	MZT1
1779	NAA10
1780	NAA80
1781	NAAA
1782	NACC1
1783	NADK
1784	NAGA
1785	NAGK
1786	NAGPA
1787	NAMPT
1788	NAP1L4
1789	NAPRT
1790	NARS1
1791	NBL1
1792	NBN
1793	NCAM1
1794	NCAM2
1795	NCAN
1796	NCF2
1797	NCK2
1798	NCLN
1799	NCR1
1800	NCR3LG1
1801	NCS1
1802	NDRG1
1803	NDST1
1804	NDUFA5
1805	NDUFB7
1806	NDUFS6
1807	NEB
1808	NECAP2
1809	NECTIN1
1810	NECTIN2
1811	NECTIN4
1812	NEDD4L
1813	NEDD9
1814	NEFL
1815	NEK7
1816	NELL1
1817	NELL2
1818	NENF
1819	NEO1
1820	NEXN
1821	NFASC
1822	NFAT5
1823	NFATC1
1824	NFATC3
1825	NFE2
1826	NFIC
1827	NFKB1
1828	NFKBIE
1829	NFU1
1830	NFX1
1831	NFYA
1832	NGF
1833	NGFR
1834	NGRN
1835	NHLRC3
1836	NID1
1837	NID2
1838	NINJ1
1839	NIT1
1840	NIT2
1841	NLGN1
1842	NLGN2
1843	NME1
1844	NME3
1845	NMI
1846	NMNAT1
1847	NMRK2
1848	NMT1
1849	NOMO1
1850	NOP56
1851	NOS1
1852	NOS2
1853	NOS3
1854	NOTCH1
1855	NOTCH2
1856	NOTCH3
1857	NPC2
1858	NPDC1
1859	NPHS1
1860	NPHS2
1861	NPL
1862	NPM1
1863	NPPB
1864	NPPC
1865	NPR1
1866	NPTN
1867	NPTX1
1868	NPTX2
1869	NPTXR
1870	NPY
1871	NRCAM
1872	NRGN
1873	NRN1
1874	NRP1
1875	NRP2
1876	NRTN
1877	NRXN3
1878	NSFL1C
1879	NT-proBNP
1880	NT5C
1881	NT5C1A
1882	NT5C3A
1883	NT5E
1884	NTF3
1885	NTF4
1886	NTRK2
1887	NTRK3
1888	NTproBNP
1889	NUB1
1890	NUBP1
1891	NUCB2
1892	NUDC
1893	NUDT10
1894	NUDT15
1895	NUDT16
1896	NUDT2
1897	NUDT5
1898	NUMB
1899	NUP50
1900	NXPE4
1901	NXPH1
1902	NXPH3
1903	OBP2B
1904	OCLN
1905	ODAM
1906	OFD1
1907	OGA
1908	OGFR
1909	OGN
1910	OLFM4
1911	OLR1
1912	OMD
1913	OMG
1914	OMP
1915	OPHN1
1916	OPLAH
1917	OPTC
1918	ORM1
1919	OSBPL2
1920	OSCAR
1921	OSM
1922	OSMR
1923	OSTN
1924	OTOA
1925	OTUD6B
1926	OTUD7B
1927	OXCT1
1928	OXT
1929	P4HB
1930	PACS2
1931	PADI2
1932	PADI4
1933	PAEP
1934	PAFAH2
1935	PAG1
1936	PAGR1
1937	PAIP2B
1938	PAK4
1939	PALLD
1940	PALM
1941	PALM2
1942	PALM3
1943	PAM
1944	PAMR1
1945	PAPPA
1946	PARD3
1947	PARK7
1948	PARP1
1949	PAXX
1950	PBK
1951	PBLD
1952	PBXIP1
1953	PCARE
1954	PCBD1
1955	PCBP2
1956	PCDH1
1957	PCDH12
1958	PCDH17
1959	PCDH7
1960	PCDH9
1961	PCDHB15
1962	PCNA
1963	PCOLCE
1964	PCSK7
1965	PCSK9
1966	PCYT2
1967	PDAP1
1968	PDCD1
1969	PDCD1LG2
1970	PDCD5
1971	PDCD6
1972	PDCL2
1973	PDE1C
1974	PDE4D
1975	PDE5A
1976	PDGFA
1977	PDGFB
1978	PDGFC
1979	PDGFRA
1980	PDGFRB
1981	PDIA2
1982	PDIA3
1983	PDIA4
1984	PDIA5
1985	PDLIM5
1986	PDLIM7
1987	PDP1
1988	PDRG1
1989	PDXDC1
1990	PDZD2
1991	PDZK1
1992	PEAR1
1993	PEBP1
1994	PECAM1
1995	PECR
1996	PENK
1997	PEPD
1998	PF4
1999	PFDN2
2000	PFDN4
2001	PFDN6
2002	PFKFB2
2003	PGA4
2004	PGD
2005	PGF
2006	PGLYRP1
2007	PGLYRP2
2008	PGLYRP4
2009	PGM2
2010	PGR
2011	PHACTR2
2012	PHLDB1
2013	PHLDB2
2014	PHOSPHO1
2015	PHYKPL
2016	PI16
2017	PI3
2018	PIBF1
2019	PIGR
2020	PIK3AP1
2021	PIK3IP1
2022	PIKFYVE
2023	PILRA
2024	PILRB
2025	PINLYP
2026	PITHD1
2027	PKD1
2028	PKD2
2029	PKLR
2030	PKN3
2031	PLA2G10
2032	PLA2G15
2033	PLA2G1B
2034	PLA2G2A
2035	PLA2G4A
2036	PLA2G7
2037	PLAT
2038	PLAU
2039	PLAUR
2040	PLB1
2041	PLCB1
2042	PLCB2
2043	PLEKHO1
2044	PLG
2045	PLIN1
2046	PLIN3
2047	PLPBP
2048	PLSCR3
2049	PLTP
2050	PLXDC1
2051	PLXDC2
2052	PLXNA4
2053	PLXNB2
2054	PLXNB3
2055	PM20D1
2056	PMCH
2057	PMM2
2058	PMS1
2059	PMVK
2060	PNLIP
2061	PNLIPRP1
2062	PNLIPRP2
2063	PNMA1
2064	PNMA2
2065	PNPT1
2066	PODXL
2067	PODXL2
2068	POF1B
2069	POLR2A
2070	POLR2F
2071	POMC
2072	PON1
2073	PON2
2074	PON3
2075	POSTN
2076	PPBP
2077	PPCDC
2078	PPIB
2079	PPIE
2080	PPL
2081	PPM1A
2082	PPM1B
2083	PPM1F
2084	PPME1
2085	PPP1CC
2086	PPP1R12A
2087	PPP1R12B
2088	PPP1R14A
2089	PPP1R14D
2090	PPP1R2
2091	PPP1R9B
2092	PPP2R5A
2093	PPP3R1
2094	PPT1
2095	PPY
2096	PQBP1
2097	PRAME
2098	PRAP1
2099	PRC1
2100	PRCP
2101	PRDX1
2102	PRDX2
2103	PRDX3
2104	PRDX5
2105	PRDX6
2106	PREB
2107	PRELP
2108	PRG2
2109	PRG3
2110	PRKAB1
2111	PRKAG3
2112	PRKAR1A
2113	PRKAR2A
2114	PRKCQ
2115	PRKD2
2116	PRKG1
2117	PRKRA
2118	PRL
2119	PRND
2120	PROC
2121	PROCR
2122	PROK1
2123	PROS1
2124	PRR4
2125	PRR5
2126	PRRT3
2127	PRSS2
2128	PRSS22
2129	PRSS27
2130	PRSS53
2131	PRSS8
2132	PRTFDC1
2133	PRTG
2134	PRTN3
2135	PRUNE2
2136	PSAP
2137	PSAPL1
2138	PSCA
2139	PSG1
2140	PSIP1
2141	PSMA1
2142	PSMC3
2143	PSMD1
2144	PSMD5
2145	PSMD9
2146	PSME1
2147	PSME2
2148	PSMG3
2149	PSMG4
2150	PSPN
2151	PSRC1
2152	PSTPIP2
2153	PTEN
2154	PTGDS
2155	PTGES2
2156	PTGR1
2157	PTH
2158	PTH1R
2159	PTK7
2160	PTN
2161	PTP4A3
2162	PTPN1
2163	PTPN6
2164	PTPN9
2165	PTPRB
2166	PTPRC
2167	PTPRF
2168	PTPRH
2169	PTPRK
2170	PTPRM
2171	PTPRN2
2172	PTPRR
2173	PTPRS
2174	PTPRZ1
2175	PTRHD1
2176	PTS
2177	PTTG1
2178	PTX3
2179	PVALB
2180	PVR
2181	PXDNL
2182	PXN
2183	PYDC1
2184	PYY
2185	PZP
2186	QDPR
2187	QPCT
2188	QSOX1
2189	RAB10
2190	RAB11FIP3
2191	RAB27B
2192	RAB2B
2193	RAB33A
2194	RAB37
2195	RAB39B
2196	RAB3GAP1
2197	RAB44
2198	RAB6A
2199	RAB6B
2200	RABEP1
2201	RABEPK
2202	RABGAP1L
2203	RAC3
2204	RAD23B
2205	RAD51
2206	RALB
2207	RALY
2208	RANBP1
2209	RANBP2
2210	RANGAP1
2211	RAP1A
2212	RARRES1
2213	RARRES2
2214	RASA1
2215	RASGRF1
2216	RASSF2
2217	RBFOX3
2218	RBKS
2219	RBM17
2220	RBM19
2221	RBM25
2222	RBP1
2223	RBP2
2224	RBP5
2225	RBP7
2226	RBPMS
2227	RBPMS2
2228	RCC1
2229	RCOR1
2230	RECK
2231	REEP4
2232	REG1A
2233	REG1B
2234	REG3A
2235	REG3G
2236	REG4
2237	RELB
2238	RELT
2239	REN
2240	REPS1
2241	REST
2242	RET
2243	RETN
2244	REXO2
2245	RFC4
2246	RGCC
2247	RGL2
2248	RGMA
2249	RGMB
2250	RGS10
2251	RGS8
2252	RHOC
2253	RICTOR
2254	RIDA
2255	RILP
2256	RILPL2
2257	RIPK4
2258	RLN1
2259	RLN2
2260	RNASE1
2261	RNASE10
2262	RNASE3
2263	RNASE4
2264	RNASE6
2265	RNASEH2A
2266	RNASET2
2267	RNF149
2268	RNF168
2269	RNF31
2270	RNF4
2271	RNF41
2272	RNF43
2273	RNF5
2274	ROBO1
2275	ROBO2
2276	ROBO4
2277	ROR1
2278	RP2
2279	RPA2
2280	RPE
2281	RPGR
2282	RPL14
2283	RPS10
2284	RRAS
2285	RRM2
2286	RRM2B
2287	RSPO1
2288	RSPO3
2289	RTBDN
2290	RTKN2
2291	RTN4IP1
2292	RTN4R
2293	RUVBL1
2294	RWDD1
2295	RYR1
2296	S100A11
2297	S100A12
2298	S100A13
2299	S100A14
2300	S100A16
2301	S100A3
2302	S100A4
2303	S100G
2304	S100P
2305	SAA4
2306	SAFB2
2307	SAG
2308	SAMD9L
2309	SAP18
2310	SARG
2311	SART1
2312	SAT1
2313	SAT2
2314	SATB1
2315	SBSN
2316	SCAMP3
2317	SCARA5
2318	SCARB1
2319	SCARB2
2320	SCARF1
2321	SCARF2
2322	SCG2
2323	SCG3
2324	SCGB1A1
2325	SCGB2A2
2326	SCGB3A1
2327	SCGB3A2
2328	SCGN
2329	SCIN
2330	SCLY
2331	SCN2A
2332	SCN2B
2333	SCN3A
2334	SCN3B
2335	SCN4B
2336	SCP2
2337	SCPEP1
2338	SCRG1
2339	SCRIB
2340	SCRN1
2341	SCT
2342	SDC1
2343	SDC4
2344	SDCCAG8
2345	SDHB
2346	SDK2
2347	SEC31A
2348	SEL1L
2349	SELE
2350	SELENOP
2351	SELL
2352	SELP
2353	SELPLG
2354	SEMA3F
2355	SEMA3G
2356	SEMA4C
2357	SEMA4D
2358	SEMA6C
2359	SEMA7A
2360	SEPTIN3
2361	SEPTIN7
2362	SEPTIN8
2363	SEPTIN9
2364	SERPINA1
2365	SERPINA11
2366	SERPINA12
2367	SERPINA3
2368	SERPINA4
2369	SERPINA5
2370	SERPINA6
2371	SERPINA7
2372	SERPINA9
2373	SERPINB1
2374	SERPINB5
2375	SERPINB6
2376	SERPINB8
2377	SERPINB9
2378	SERPINC1
2379	SERPIND1
2380	SERPINE1
2381	SERPINE2
2382	SERPINF1
2383	SERPINF2
2384	SERPING1
2385	SERPINH1
2386	SERPINI1
2387	SERPINI2
2388	SESTD1
2389	SETMAR
2390	SEZ6
2391	SEZ6L
2392	SEZ6L2
2393	SF3B4
2394	SFRP1
2395	SFRP4
2396	SFTPA1
2397	SFTPA2
2398	SFTPD
2399	SGSH
2400	SH2B3
2401	SH2D1A
2402	SH3BGRL2
2403	SH3BP1
2404	SH3GLB2
2405	SHBG
2406	SHC1
2407	SHD
2408	SHH
2409	SHISA5
2410	SHMT1
2411	SHPK
2412	SIAE
2413	SIGLEC1
2414	SIGLEC10
2415	SIGLEC15
2416	SIGLEC5
2417	SIGLEC6
2418	SIGLEC7
2419	SIGLEC8
2420	SIGLEC9
2421	SIL1
2422	SIRPA
2423	SIRPB1
2424	SIRT1
2425	SIRT2
2426	SIRT5
2427	SIT1
2428	SKAP1
2429	SKAP2
2430	SKIV2L
2431	SLA2
2432	SLAMF1
2433	SLAMF6
2434	SLAMF7
2435	SLAMF8
2436	SLC12A2
2437	SLC13A1
2438	SLC16A1
2439	SLC1A4
2440	SLC27A4
2441	SLC28A1
2442	SLC34A3
2443	SLC39A14
2444	SLC39A5
2445	SLC44A4
2446	SLC4A1
2447	SLC51B
2448	SLC9A3R1
2449	SLC9A3R2
2450	SLIRP
2451	SLIT2
2452	SLITRK1
2453	SLITRK2
2454	SLITRK6
2455	SLK
2456	SLMAP
2457	SLURP1
2458	SMAD1
2459	SMAD2
2460	SMAD3
2461	SMAD5
2462	SMARCA2
2463	SMC3
2464	SMNDC1
2465	SMOC1
2466	SMOC2
2467	SMPD1
2468	SMPD3
2469	SMPDL3A
2470	SMPDL3B
2471	SMS
2472	SMTN
2473	SNAP23
2474	SNAP25
2475	SNAP29
2476	SNCA
2477	SNCG
2478	SNED1
2479	SNRPB2
2480	SNU13
2481	SNX18
2482	SNX2
2483	SNX5
2484	SNX9
2485	SOD1
2486	SOD2
2487	SOD3
2488	SORBS1
2489	SORCS2
2490	SORD
2491	SORT1
2492	SOST
2493	SOWAHA
2494	SOX2
2495	SOX9
2496	SPACA5_SPACA5B
2497	SPAG1
2498	SPARC
2499	SPARCL1
2500	SPART
2501	SPESP1
2502	SPINK1
2503	SPINK2
2504	SPINK4
2505	SPINK5
2506	SPINK6
2507	SPINK8
2508	SPINT1
2509	SPINT2
2510	SPINT3
2511	SPOCK1
2512	SPON1
2513	SPON2
2514	SPP1
2515	SPRED2
2516	SPRING1
2517	SPRR1B
2518	SPRR3
2519	SPRY2
2520	SPTBN2
2521	SPTLC1
2522	SRC
2523	SRP14
2524	SRPK2
2525	SRPX
2526	SSB
2527	SSC4D
2528	SSC5D
2529	SSH3
2530	SSNA1
2531	ST13
2532	ST3GAL1
2533	ST6GAL1
2534	ST8SIA1
2535	STAB2
2536	STAM
2537	STAMBP
2538	STAT2
2539	STAT5B
2540	STAU1
2541	STC1
2542	STC2
2543	STEAP4
2544	STIP1
2545	STK11
2546	STK24
2547	STK4
2548	STOML2
2549	STX16
2550	STX1B
2551	STX3
2552	STX4
2553	STX5
2554	STX6
2555	STX7
2556	STX8
2557	STXBP1
2558	STXBP3
2559	SUGP1
2560	SUGT1
2561	SULT1A1
2562	SULT2A1
2563	SUMF1
2564	SUMF2
2565	SUOX
2566	SUSD1
2567	SUSD2
2568	SUSD4
2569	SUSD5
2570	SV2A
2571	SWAP70
2572	SYAP1
2573	SYNGAP1
2574	SYT1
2575	SYTL4
2576	TAB2
2577	TACC3
2578	TACSTD2
2579	TADA3
2580	TAFA5
2581	TALDO1
2582	TANK
2583	TAP1
2584	TARBP2
2585	TARM1
2586	TARS1
2587	TAX1BP1
2588	TBC1D17
2589	TBC1D23
2590	TBC1D5
2591	TBCA
2592	TBCB
2593	TBCC
2594	TBL1X
2595	TBR1
2596	TCL1A
2597	TCL1B
2598	TCN1
2599	TCN2
2600	TCOF1
2601	TCP11
2602	TCTN3
2603	TDGF1
2604	TDO2
2605	TDP1
2606	TDRKH
2607	TEF
2608	TEK
2609	TERF1
2610	TET2
2611	TEX101
2612	TEX33
2613	TF
2614	TFAP2A
2615	TFF1
2616	TFF2
2617	TFF3
2618	TFPI
2619	TFPI2
2620	TFRC
2621	TG
2622	TGFA
2623	TGFB1
2624	TGFB2
2625	TGFBI
2626	TGFBR1
2627	TGFBR2
2628	TGFBR3
2629	TGM2
2630	TGOLN2
2631	THAP12
2632	THBD
2633	THBS2
2634	THBS4
2635	THOP1
2636	THPO
2637	THRAP3
2638	THSD1
2639	THTPA
2640	THY1
2641	TIA1
2642	TIE1
2643	TIGAR
2644	TIGIT
2645	TIMD4
2646	TIMM10
2647	TIMM8A
2648	TIMP1
2649	TIMP2
2650	TIMP3
2651	TIMP4
2652	TINAGL1
2653	TJAP1
2654	TJP3
2655	TK1
2656	TLR1
2657	TLR2
2658	TLR3
2659	TLR4
2660	TMCO5A
2661	TMED1
2662	TMED10
2663	TMED4
2664	TMED8
2665	TMEM106A
2666	TMEM132A
2667	TMEM25
2668	TMOD4
2669	TMPRSS11B
2670	TMPRSS11D
2671	TMPRSS15
2672	TMPRSS5
2673	TMSB10
2674	TNC
2675	TNF
2676	TNFAIP2
2677	TNFAIP8
2678	TNFAIP8L2
2679	TNFRSF10A
2680	TNFRSF10B
2681	TNFRSF10C
2682	TNFRSF11A
2683	TNFRSF11B
2684	TNFRSF12A
2685	TNFRSF13B
2686	TNFRSF13C
2687	TNFRSF14
2688	TNFRSF17
2689	TNFRSF19
2690	TNFRSF1A
2691	TNFRSF1B
2692	TNFRSF21
2693	TNFRSF4
2694	TNFRSF6B
2695	TNFRSF8
2696	TNFRSF9
2697	TNFSF10
2698	TNFSF11
2699	TNFSF12
2700	TNFSF13
2701	TNFSF13B
2702	TNFSF14
2703	TNFSF8
2704	TNFSF9
2705	TNIP1
2706	TNN
2707	TNNI3
2708	TNR
2709	TNXB
2710	TOM1L2
2711	TOMM20
2712	TOP1
2713	TOP1MT
2714	TOP2B
2715	TOR1AIP1
2716	TP53
2717	TP53BP1
2718	TP53I3
2719	TP53INP1
2720	TP73
2721	TPBGL
2722	TPD52L2
2723	TPK1
2724	TPM3
2725	TPMT
2726	TPP1
2727	TPPP2
2728	TPPP3
2729	TPR
2730	TPRKB
2731	TPSAB1
2732	TPSD1
2733	TPSG1
2734	TPT1
2735	TRAF2
2736	TRAF3
2737	TRAF3IP2
2738	TRDMT1
2739	TREH
2740	TREM2
2741	TREML1
2742	TREML2
2743	TRIAP1
2744	TRIM21
2745	TRIM24
2746	TRIM25
2747	TRIM26
2748	TRIM40
2749	TRIM5
2750	TRIM58
2751	TRPV3
2752	TSC22D1
2753	TSHB
2754	TSLP
2755	TSPAN1
2756	TSPAN15
2757	TSPAN7
2758	TSPAN8
2759	TSPYL1
2760	TST
2761	TTF2
2762	TTN
2763	TTR
2764	TUBB3
2765	TWF2
2766	TXK
2767	TXLNA
2768	TXN
2769	TXNDC15
2770	TXNDC5
2771	TXNDC9
2772	TXNL1
2773	TXNRD1
2774	TYMP
2775	TYRO3
2776	TYRP1
2777	UBAC1
2778	UBE2B
2779	UBE2L6
2780	UBE2Z
2781	UBQLN3
2782	UBXN1
2783	UFD1
2784	UGDH
2785	UHRF2
2786	ULBP2
2787	UMOD
2788	UNC5D
2789	UNC79
2790	UNG
2791	UPB1
2792	UPK3A
2793	UPK3BL1
2794	UROD
2795	USO1
2796	USP25
2797	USP28
2798	USP47
2799	USP8
2800	UXS1
2801	VAMP5
2802	VAMP8
2803	VASH1
2804	VASN
2805	VASP
2806	VAT1
2807	VAV3
2808	VCAM1
2809	VCAN
2810	VCPKMT
2811	VEGFA
2812	VEGFB
2813	VEGFC
2814	VEGFD
2815	VGF
2816	VIM
2817	VIPR1
2818	VIT
2819	VMO1
2820	VNN1
2821	VNN2
2822	VPS28
2823	VPS37A
2824	VPS4B
2825	VPS53
2826	VSIG10
2827	VSIG10L
2828	VSIG2
2829	VSIG4
2830	VSIR
2831	VSNL1
2832	VSTM1
2833	VSTM2B
2834	VSTM2L
2835	VTA1
2836	VTCN1
2837	VTI1A
2838	VWA1
2839	VWA5A
2840	VWC2
2841	VWC2L
2842	VWF
2843	WARS
2844	WARS1
2845	WAS
2846	WASF1
2847	WASF3
2848	WASHC3
2849	WDR46
2850	WFDC1
2851	WFDC12
2852	WFDC2
2853	WFIKKN1
2854	WFIKKN2
2855	WIF1
2856	WISP1
2857	WISP2
2858	WNT9A
2859	WWP2
2860	XCL1
2861	XG
2862	XIAP
2863	XPNPEP2
2864	XRCC4
2865	YARS1
2866	YES1
2867	YJU2
2868	YOD1
2869	YTHDF3
2870	YWHAQ
2871	YY1
2872	ZBP1
2873	ZBTB16
2874	ZBTB17
2875	ZCCHC8
2876	ZFYVE19
2877	ZHX2
2878	ZNF75D
2879	ZNF830
2880	ZNRD2
2881	ZNRF4
2882	ZP3
2883	ZP4
2884	ZPR1
