uniprot_id	gene_symbol
A0FGR8	ESYT2
A1BG	A1BG
A1E959	ODAM
A1KZ92	PXDNL
A1L4H1	SSC5D
A2VDF0	FUOM
A4D1B5	GSAP
A6BM72	MEGF11
A6NC86	PINLYP
A6NCE7	MAP1LC3B2
A6NDB9	PALM3
A6NFN3	RBFOX3
A6NGG8	PCARE
A6NGN9	IGLON5
A6NHS7	MANSC4
A6NI73	LILRA5
A6NLU5	VSTM2B
A6NM11	LRRC37A2
A7E2Y1	MYH7B
A8MTB9	CEACAM18
A8MVW0	FAM171A2
A8MVW5	HEPACAM2
A8MVZ5	BTNL10
A8MYV0	DCDC2C
AAMDC	AAMDC
AARSD1	AARSD1
ABCA2	ABCA2
ABHD14B	ABHD14B
ABL1	ABL1
ABO	ABO
ABRAXAS2	ABRAXAS2
ACAA1	ACAA1
ACADM	ACADM
ACADSB	ACADSB
ACAN	ACAN
ACAN.3280.49.2	ACAN
ACBD7.13563.259.3	ACBD7
ACE2	ACE2
ACHE	ACHE
ACOX1	ACOX1
ACP1	ACP1
ACP5	ACP5
ACP6	ACP6
ACRBP	ACRBP
ACRV1	ACRV1
ACTA2	ACTA2
ACTN2	ACTN2
ACTN4	ACTN4
ACVRL1	ACVRL1
ACY1	ACY1
ACY3	ACY3
ACYP1	ACYP1
ADA	ADA
ADA2	ADA2
ADAM12	ADAM12
ADAM15	ADAM15
ADAM22	ADAM22
ADAM23	ADAM23
ADAM8	ADAM8
ADAM9	ADAM9
ADAMTS1	ADAMTS1
ADAMTS13	ADAMTS13
ADAMTS15	ADAMTS15
ADAMTS16	ADAMTS16
ADAMTS4	ADAMTS4
ADAMTS4.2809.25.2	ADAMTS4
ADAMTS5	ADAMTS5
ADAMTS5.3168.8.2	ADAMTS5
ADAMTS8	ADAMTS8
ADAMTSL2	ADAMTSL2
ADAMTSL4	ADAMTSL4
ADAMTSL5	ADAMTSL5
ADCYAP1R1	ADCYAP1R1
ADD1	ADD1
ADGRB3	ADGRB3
ADGRD1	ADGRD1
ADGRE1	ADGRE1
ADGRE2	ADGRE2
ADGRE5	ADGRE5
ADGRF5	ADGRF5
ADGRG1	ADGRG1
ADGRG2	ADGRG2
ADGRV1	ADGRV1
ADH1B	ADH1B
ADH4	ADH4
ADIPOQ	ADIPOQ
ADM	ADM
ADRA2A	ADRA2A
AFAP1	AFAP1
AFM	AFM
AFP	AFP
AFP.5792.8.2	AFP
AGBL2	AGBL2
AGER	AGER
AGER.4125.52.2	AGER
AGR2	AGR2
AGR3	AGR3
AGRN	AGRN
AGRP	AGRP
AGRP.2813.11.2	AGRP
AGT	AGT
AGXT	AGXT
AHCY	AHCY
AHNAK2	AHNAK2
AHSA1	AHSA1
AHSG	AHSG
AHSG.3581.53.3	AHSG
AHSP	AHSP
AIDA	AIDA
AIF1	AIF1
AIF1L	AIF1L
AIFM1	AIFM1
AK1	AK1
AK2	AK2
AKAP12	AKAP12
AKR1B1	AKR1B1
AKR1B10	AKR1B10
AKR1C1.12618.50.3	AKR1C1
AKR1C4	AKR1C4
AKR7L	AKR7L
AKT1S1	AKT1S1
AKT2	AKT2
AKT3	AKT3
ALCAM	ALCAM
ALDH1A1	ALDH1A1
ALDH3A1	ALDH3A1
ALDH5A1	ALDH5A1
ALMS1	ALMS1
ALPI	ALPI
ALPP	ALPP
AMBN	AMBN
AMBP	AMBP
AMDHD2	AMDHD2
AMFR	AMFR
AMIGO2	AMIGO2
AMN	AMN
AMOT	AMOT
AMOTL2	AMOTL2
AMPD3	AMPD3
AMY1A_AMY1B_AMY1C	AMY1A_AMY1B_AMY1C
AMY2A	AMY2A
AMY2B	AMY2B
ANAPC10.12345.4.3	ANAPC10
ANG	ANG
ANGPT1	ANGPT1
ANGPT2	ANGPT2
ANGPTL1	ANGPTL1
ANGPTL2	ANGPTL2
ANGPTL3	ANGPTL3
ANGPTL4	ANGPTL4
ANGPTL7	ANGPTL7
ANK2	ANK2
ANKMY2	ANKMY2
ANKRA2	ANKRA2
ANKRD54	ANKRD54
ANP32C	ANP32C
ANPEP	ANPEP
ANXA1	ANXA1
ANXA10	ANXA10
ANXA11	ANXA11
ANXA2	ANXA2
ANXA3	ANXA3
ANXA4	ANXA4
ANXA5	ANXA5
ANXA9.13588.11.3	ANXA9
AOC1	AOC1
AOC2.6434.18.3	AOC2
AOC3	AOC3
AP2B1	AP2B1
AP3B1	AP3B1
APBB1IP	APBB1IP
APCS	APCS
APEX1	APEX1
APLP1	APLP1
APLP2.10627.87.3	APLP2
APMAP.10605.22.3	APMAP
APOA1	APOA1
APOA2	APOA2
APOA4	APOA4
APOA5.12908.15.3	APOA5
APOB	APOB
APOB.2797.56.2	APOB
APOBR	APOBR
APOC1	APOC1
APOD	APOD
APOD.8262.20.3	APOD
APOE	APOE
APOF	APOF
APOH	APOH
APOL1	APOL1
APOL1.11510.31.3	APOL1
APOM	APOM
APOM.10445.20.3	APOM
APP	APP
APPL1.12825.18.3	APPL1
APRT	APRT
ARAF	ARAF
AREG	AREG
ARF6	ARF6
ARFIP2.12630.8.3	ARFIP2
ARG1	ARG1
ARG2	ARG2
ARHGAP1	ARHGAP1
ARHGAP25	ARHGAP25
ARHGAP30	ARHGAP30
ARHGAP30.12807.89.3	ARHGAP30
ARHGAP45	ARHGAP45
ARHGAP5	ARHGAP5
ARHGEF1	ARHGEF1
ARHGEF10	ARHGEF10
ARHGEF12	ARHGEF12
ARHGEF5	ARHGEF5
ARID3A	ARID3A
ARID4B	ARID4B
ARL13B	ARL13B
ARL2BP	ARL2BP
ARMCX2	ARMCX2
ARNT	ARNT
ARNTL	ARNTL
ARSA	ARSA
ARSB	ARSB
ARSK.8269.327.3	ARSK
ART3	ART3
ART3.7970.315.3	ART3
ART5	ART5
ARTN	ARTN
ASAH1	ASAH1
ASAH2	ASAH2
ASGR1	ASGR1
ASGR2	ASGR2
ASGR2.9474.22.3	ASGR2
ASPN.6451.64.3	ASPN
ASRGL1	ASRGL1
ASS1	ASS1
ATF2	ATF2
ATF4	ATF4
ATF6.11277.23.3	ATF6
ATG16L1	ATG16L1
ATG4A	ATG4A
ATOX1	ATOX1
ATP1B1	ATP1B1
ATP1B2	ATP1B2
ATP1B2.7218.87.3	ATP1B2
ATP1B3	ATP1B3
ATP1B4	ATP1B4
ATP2B4	ATP2B4
ATP5F1D	ATP5F1D
ATP5IF1	ATP5IF1
ATP5PO	ATP5PO
ATP6AP2	ATP6AP2
ATP6V1D	ATP6V1D
ATP6V1F	ATP6V1F
ATP6V1G2	ATP6V1G2
ATRAID	ATRAID
ATRN	ATRN
ATXN10	ATXN10
ATXN2	ATXN2
ATXN2L	ATXN2L
ATXN3	ATXN3
AURKA.3091.70.2	AURKA
AXIN1	AXIN1
AXIN2.12925.105.3	AXIN2
AXL	AXL
AZU1	AZU1
B0FP48	UPK3BL1
B1AKI9	ISM1
B2M	B2M
B2RUY7	VWC2L
B3GALTL.5727.35.3	B3GALTL
B3GNT7	B3GNT7
B3GNT8.9297.12.3	B3GNT8
B4GALT1	B4GALT1
B4GALT7.7806.33.3	B4GALT7
B4GAT1	B4GAT1
B6A8C7	TARM1
B6SEH8	ERVV-1
BACH1	BACH1
BACH2.12756.3.3	BACH2
BAG3	BAG3
BAG4	BAG4
BAG6	BAG6
BAIAP2	BAIAP2
BAMBI	BAMBI
BANK1	BANK1
BAP18	BAP18
BATF	BATF
BATF3.8858.21.3	BATF3
BAX	BAX
BCAM	BCAM
BCAN	BCAN
BCAN.3461.58.1	BCAN
BCAT1	BCAT1
BCHE	BCHE
BCL10.8768.4.3	BCL10
BCL2	BCL2
BCL2L1	BCL2L1
BCL2L11	BCL2L11
BCL7A	BCL7A
BCR	BCR
BDNF	BDNF
BECN1	BECN1
BET1L.10959.125.3	BET1L
BEX3	BEX3
BGLAP	BGLAP
BGN	BGN
BGN.13690.26.3	BGN
BGN.3284.75.1	BGN
BHLHE40	BHLHE40
BID	BID
BIN2	BIN2
BIRC2	BIRC2
BLMH	BLMH
BLNK	BLNK
BLOC1S2	BLOC1S2
BLOC1S3	BLOC1S3
BLVRB	BLVRB
BMP10	BMP10
BMP4	BMP4
BMP6	BMP6
BMPER.3654.27.5	BMPER
BMPR1A.4859.6.1	BMPR1A
BNIP2	BNIP2
BNIP3.7045.4.3	BNIP3
BNIP3L	BNIP3L
BOC	BOC
BOLA1	BOLA1
BPIFA2	BPIFA2
BPIFB1	BPIFB1
BPIFB2	BPIFB2
BRAP	BRAP
BRD1	BRD1
BRD2	BRD2
BRD3	BRD3
BRDT	BRDT
BRK1	BRK1
BRME1	BRME1
BRSK2	BRSK2
BRSK2.9790.28.3	BRSK2
BSG	BSG
BSND	BSND
BST1	BST1
BST2	BST2
BTC	BTC
BTLA	BTLA
BTN1A1	BTN1A1
BTN2A1	BTN2A1
BTN3A2	BTN3A2
BTNL10	BTNL10
C17orf78.8545.14.3	C17orf78
C19orf12	C19orf12
C1GALT1C1	C1GALT1C1
C1QA	C1QA
C1QBP	C1QBP
C1QL2	C1QL2
C1QTNF1	C1QTNF1
C1QTNF3.7251.64.3	C1QTNF3
C1QTNF5	C1QTNF5
C1QTNF6	C1QTNF6
C1QTNF9	C1QTNF9
C1R	C1R
C1RL	C1RL
C1RL.9348.1.3	C1RL
C1S	C1S
C1orf210.8088.56.3	C1orf210
C1orf226.7989.5.3	C1orf226
C2	C2
C2CD2L	C2CD2L
C2orf69	C2orf69
C3	C3
C4BPB	C4BPB
C5	C5
C7	C7
C7orf50	C7orf50
C8B	C8B
C9	C9
C9orf40	C9orf40
C9orf89.7778.104.3	C9orf89
CA1	CA1
CA11	CA11
CA12	CA12
CA13	CA13
CA14	CA14
CA2	CA2
CA3	CA3
CA4	CA4
CA5A	CA5A
CA6	CA6
CA7	CA7
CA8	CA8
CA9	CA9
CABP2	CABP2
CACNA1H	CACNA1H
CACNB3	CACNB3
CACYBP	CACYBP
CADPS	CADPS
CALB1	CALB1
CALB2	CALB2
CALCA	CALCA
CALCB	CALCB
CALCOCO1	CALCOCO1
CALR.5264.65.3	CALR
CALY	CALY
CAMKK1	CAMKK1
CAMKK1.3877.67.2	CAMKK1
CAMLG	CAMLG
CAMSAP1	CAMSAP1
CANT1	CANT1
CAPG	CAPG
CAPN3	CAPN3
CAPN3.12385.4.3	CAPN3
CAPS	CAPS
CARHSP1	CARHSP1
CASP1	CASP1
CASP10	CASP10
CASP2	CASP2
CASP3	CASP3
CASP4	CASP4
CASP8	CASP8
CASP9	CASP9
CASQ2	CASQ2
CAST.3026.5.2	CAST
CAT	CAT
CBLIF	CBLIF
CBLN1	CBLN1
CBLN4	CBLN4
CBR1.12381.26.3	CBR1
CBS	CBS
CBX2	CBX2
CC2D1A	CC2D1A
CCAR2	CCAR2
CCDC126.6388.21.3	CCDC126
CCDC134	CCDC134
CCDC28A	CCDC28A
CCDC50	CCDC50
CCDC80	CCDC80
CCDC80.3234.23.2	CCDC80
CCER2	CCER2
CCL11	CCL11
CCL11.5301.7.3	CCL11
CCL13	CCL13
CCL14	CCL14
CCL15	CCL15
CCL16	CCL16
CCL16.4913.78.1	CCL16
CCL17	CCL17
CCL17.3519.3.2	CCL17
CCL18	CCL18
CCL19	CCL19
CCL2	CCL2
CCL20	CCL20
CCL21	CCL21
CCL22	CCL22
CCL22.3508.78.3	CCL22
CCL23	CCL23
CCL23.2913.1.2	CCL23
CCL24	CCL24
CCL25	CCL25
CCL25.14068.29.3	CCL25
CCL26	CCL26
CCL26.9168.31.3	CCL26
CCL27	CCL27
CCL28	CCL28
CCL3	CCL3
CCL4	CCL4
CCL5	CCL5
CCL7	CCL7
CCL8	CCL8
CCN1	CCN1
CCN2	CCN2
CCN3	CCN3
CCN4	CCN4
CCN5	CCN5
CCNE1	CCNE1
CCS	CCS
CCT5	CCT5
CD101	CD101
CD109	CD109
CD14	CD14
CD160	CD160
CD163	CD163
CD164	CD164
CD164L2	CD164L2
CD177	CD177
CD177.13116.25.3	CD177
CD1C	CD1C
CD2	CD2
CD200	CD200
CD200R1	CD200R1
CD200R1L.8980.19.3	CD200R1L
CD207	CD207
CD209	CD209
CD209.3029.52.2	CD209
CD22	CD22
CD244	CD244
CD248	CD248
CD27	CD27
CD274	CD274
CD276	CD276
CD28	CD28
CD2AP	CD2AP
CD300A	CD300A
CD300C	CD300C
CD300C.5066.134.3	CD300C
CD300E	CD300E
CD300LF	CD300LF
CD300LG	CD300LG
CD302	CD302
CD33	CD33
CD34	CD34
CD34.9023.9.3	CD34
CD36	CD36
CD36.2973.15.2	CD36
CD38	CD38
CD3E	CD3E
CD3G	CD3G
CD4	CD4
CD40	CD40
CD40LG	CD40LG
CD46	CD46
CD48	CD48
CD5	CD5
CD55	CD55
CD58	CD58
CD58.10938.13.3	CD58
CD59	CD59
CD5L	CD5L
CD6	CD6
CD63	CD63
CD69	CD69
CD7	CD7
CD70	CD70
CD72	CD72
CD74	CD74
CD79B	CD79B
CD80	CD80
CD83	CD83
CD84	CD84
CD84.3642.4.1	CD84
CD8A	CD8A
CD93	CD93
CD93.14136.234.3	CD93
CD99	CD99
CD99L2	CD99L2
CDA	CDA
CDC123	CDC123
CDC25A	CDC25A
CDC26	CDC26
CDC27	CDC27
CDC37	CDC37
CDC42.9840.2.3	CDC42
CDC42BPB	CDC42BPB
CDCP1	CDCP1
CDH1	CDH1
CDH15	CDH15
CDH17	CDH17
CDH2	CDH2
CDH22	CDH22
CDH23	CDH23
CDH3	CDH3
CDH4	CDH4
CDH5	CDH5
CDH6	CDH6
CDHR1	CDHR1
CDHR2	CDHR2
CDHR3.8222.49.3	CDHR3
CDHR5	CDHR5
CDK5RAP3	CDK5RAP3
CDKL5	CDKL5
CDKN1A	CDKN1A
CDKN2D	CDKN2D
CDKN3.14178.18.3	CDKN3
CDNF	CDNF
CDON	CDON
CDON.4541.49.2	CDON
CDSN	CDSN
CEACAM1	CEACAM1
CEACAM16	CEACAM16
CEACAM18	CEACAM18
CEACAM19	CEACAM19
CEACAM20	CEACAM20
CEACAM21	CEACAM21
CEACAM3	CEACAM3
CEACAM4.10910.6.3	CEACAM4
CEACAM5	CEACAM5
CEACAM6	CEACAM6
CEACAM8	CEACAM8
CEBPA	CEBPA
CEBPB	CEBPB
CELA2A	CELA2A
CELA3A	CELA3A
CELSR2	CELSR2
CEMIP2	CEMIP2
CEND1	CEND1
CENPJ	CENPJ
CENPW.8864.59.3	CENPW
CEP112	CEP112
CEP164	CEP164
CEP20	CEP20
CEP350	CEP350
CEP43	CEP43
CEP57.9067.152.3	CEP57
CEP85	CEP85
CERT	CERT
CES1	CES1
CES2	CES2
CES3	CES3
CETN2	CETN2
CETN3	CETN3
CFB	CFB
CFC1	CFC1
CFD	CFD
CFH	CFH
CFHR2	CFHR2
CFHR4	CFHR4
CFHR5	CFHR5
CFI	CFI
CFP	CFP
CGA	CGA
CGA.FSHB.3032.11.2	CGA.FSHB.3032.11.2
CGB3_CGB5_CGB8	CGB3_CGB5_CGB8
CGN	CGN
CGREF1	CGREF1
CHAC2	CHAC2
CHAD	CHAD
CHAD.13460.4.3	CHAD
CHCHD10	CHCHD10
CHCHD6	CHCHD6
CHEK2	CHEK2
CHGA	CHGA
CHGB	CHGB
CHI3L1	CHI3L1
CHIT1	CHIT1
CHIT1.3600.2.3	CHIT1
CHKB.13117.232.3	CHKB
CHL1	CHL1
CHM	CHM
CHMP1A	CHMP1A
CHMP6	CHMP6
CHP1	CHP1
CHRDL1	CHRDL1
CHRDL2	CHRDL2
CHRDL2.6086.15.3	CHRDL2
CHRM1	CHRM1
CIAPIN1	CIAPIN1
CILP	CILP
CIRBP	CIRBP
CISD2.8094.20.3	CISD2
CIT	CIT
CKAP2.5345.51.3	CKAP2
CKAP4	CKAP4
CKB	CKB
CKM.2670.67.4	CKM
CKMT1A_CKMT1B	CKMT1A_CKMT1B
CLASP1	CLASP1
CLC	CLC
CLC.11094.104.3	CLC
CLEC10A	CLEC10A
CLEC11A	CLEC11A
CLEC12A	CLEC12A
CLEC14A	CLEC14A
CLEC1A	CLEC1A
CLEC1B	CLEC1B
CLEC2L	CLEC2L
CLEC3B	CLEC3B
CLEC4A	CLEC4A
CLEC4C	CLEC4C
CLEC4D	CLEC4D
CLEC4G	CLEC4G
CLEC4M	CLEC4M
CLEC5A	CLEC5A
CLEC6A	CLEC6A
CLEC7A	CLEC7A
CLGN	CLGN
CLIC5	CLIC5
CLIC5.12475.48.3	CLIC5
CLIP2	CLIP2
CLMP	CLMP
CLNS1A	CLNS1A
CLPP	CLPP
CLPS	CLPS
CLSPN	CLSPN
CLSTN1	CLSTN1
CLSTN2	CLSTN2
CLSTN3	CLSTN3
CLTA	CLTA
CLU	CLU
CLUL1	CLUL1
CMC1	CMC1
CMIP	CMIP
CNDP1	CNDP1
CNGB3	CNGB3
CNOT1.13482.14.3	CNOT1
CNP	CNP
CNPY2	CNPY2
CNPY4	CNPY4
CNST	CNST
CNTF	CNTF
CNTN1	CNTN1
CNTN2	CNTN2
CNTN2.3296.92.2	CNTN2
CNTN3	CNTN3
CNTN4	CNTN4
CNTN5	CNTN5
CNTNAP2	CNTNAP2
CNTNAP4	CNTNAP4
COCH	COCH
COCH.7227.75.3	COCH
COG8.9543.131.3	COG8
COL11A2.11278.4.3	COL11A2
COL15A1	COL15A1
COL15A1.8974.172.3	COL15A1
COL18A1	COL18A1
COL1A1	COL1A1
COL24A1	COL24A1
COL2A1	COL2A1
COL3A1	COL3A1
COL4A1	COL4A1
COL5A1	COL5A1
COL6A3	COL6A3
COL9A1	COL9A1
COL9A2	COL9A2
COLEC12	COLEC12
COMMD9	COMMD9
COMP	COMP
COPB2	COPB2
COPE	COPE
COQ7	COQ7
CORO1A	CORO1A
CORO6	CORO6
COX5B	COX5B
COX6B1	COX6B1
CPA1	CPA1
CPA2	CPA2
CPA4	CPA4
CPB1	CPB1
CPB1.6356.3.3	CPB1
CPB2	CPB2
CPE	CPE
CPLX2	CPLX2
CPM	CPM
CPOX	CPOX
CPPED1	CPPED1
CPQ	CPQ
CPTP	CPTP
CPVL	CPVL
CPXM1	CPXM1
CPXM1.6255.74.3	CPXM1
CR1	CR1
CR2	CR2
CRACR2A	CRACR2A
CRADD	CRADD
CREB3	CREB3
CREG1	CREG1
CRELD1	CRELD1
CRELD2	CRELD2
CRH	CRH
CRHBP	CRHBP
CRHR1	CRHR1
CRIM1	CRIM1
CRIP2	CRIP2
CRISP2	CRISP2
CRISP3	CRISP3
CRISPLD2.5691.2.3	CRISPLD2
CRKL	CRKL
CRLF1	CRLF1
CRNN	CRNN
CROT.13929.27.3	CROT
CRTAC1	CRTAC1
CRTAM	CRTAM
CRTAM.7968.15.3	CRTAM
CRTAP	CRTAP
CRX	CRX
CRYBB2	CRYBB2
CRYGD	CRYGD
CRYM	CRYM
CRYZL1	CRYZL1
CSDE1	CSDE1
CSF1	CSF1
CSF1R	CSF1R
CSF2	CSF2
CSF2RA	CSF2RA
CSF2RB	CSF2RB
CSF3	CSF3
CSF3R	CSF3R
CSH1	CSH1
CSNK1D	CSNK1D
CSNK2A1	CSNK2A1
CSNK2A1.5224.20.3	CSNK2A1
CSPG4	CSPG4
CSPG5	CSPG5
CSRP3	CSRP3
CST1	CST1
CST3	CST3
CST5	CST5
CST6	CST6
CST7	CST7
CST7.3302.58.1	CST7
CSTB	CSTB
CTAG1A_CTAG1B	CTAG1A_CTAG1B
CTBS	CTBS
CTF1	CTF1
CTHRC1	CTHRC1
CTNNA1	CTNNA1
CTRB1	CTRB1
CTRB1.5671.1.3	CTRB1
CTRC	CTRC
CTRL	CTRL
CTSB	CTSB
CTSC	CTSC
CTSD	CTSD
CTSE	CTSE
CTSF	CTSF
CTSF.9212.22.3	CTSF
CTSH	CTSH
CTSL	CTSL
CTSO	CTSO
CTSV	CTSV
CTSV.3364.76.2	CTSV
CTSZ	CTSZ
CUBN.12904.180.3	CUBN
CUL9.12991.49.3	CUL9
CUZD1	CUZD1
CWC15	CWC15
CX3CL1	CX3CL1
CXADR	CXADR
CXADR.11204.80.3	CXADR
CXCL1	CXCL1
CXCL10	CXCL10
CXCL11	CXCL11
CXCL12	CXCL12
CXCL13	CXCL13
CXCL14	CXCL14
CXCL16	CXCL16
CXCL17	CXCL17
CXCL3	CXCL3
CXCL5	CXCL5
CXCL5.2979.8.2	CXCL5
CXCL6	CXCL6
CXCL8	CXCL8
CXCL9	CXCL9
CXCL9.11593.21.3	CXCL9
CYB5A	CYB5A
CYB5R2	CYB5R2
CYP24A1	CYP24A1
CYTH3	CYTH3
CYTL1	CYTL1
DAB2	DAB2
DAG1	DAG1
DAND5	DAND5
DAPK2	DAPK2
DAPP1	DAPP1
DARS1	DARS1
DBH	DBH
DBI	DBI
DBN1	DBN1
DBNL	DBNL
DCBLD2	DCBLD2
DCBLD2.9338.2.3	DCBLD2
DCC	DCC
DCDC2C	DCDC2C
DCLRE1C	DCLRE1C
DCN	DCN
DCTD	DCTD
DCTN1	DCTN1
DCTN2	DCTN2
DCTN6	DCTN6
DCTPP1	DCTPP1
DCTPP1.4314.12.2	DCTPP1
DCUN1D1	DCUN1D1
DCUN1D2	DCUN1D2
DCXR	DCXR
DDAH1	DDAH1
DDC	DDC
DDC.3538.26.1	DDC
DDI2	DDI2
DDR2.3606.2.5	DDR2
DDT	DDT
DDX25	DDX25
DDX39A	DDX39A
DDX4	DDX4
DDX53	DDX53
DDX58	DDX58
DDX58.12382.2.3	DDX58
DECR1	DECR1
DEFA1_DEFA1B	DEFA1_DEFA1B
DEFB103A_DEFB103B	DEFB103A_DEFB103B
DEFB104A.5763.67.3	DEFB104A
DEFB104A_DEFB104B	DEFB104A_DEFB104B
DEFB107A.6399.52.3	DEFB107A
DEFB116	DEFB116
DEFB116.11144.10.3	DEFB116
DEFB118	DEFB118
DEFB123.9362.11.3	DEFB123
DEFB125.9486.13.3	DEFB125
DEFB4A_DEFB4B	DEFB4A_DEFB4B
DENR	DENR
DFFA	DFFA
DGKZ	DGKZ
DHODH	DHODH
DHPS	DHPS
DHRS4L2	DHRS4L2
DHX58.14012.17.3	DHX58
DIABLO	DIABLO
DIPK2B	DIPK2B
DKK1	DKK1
DKK3	DKK3
DKK3.3607.71.6	DKK3
DKK4	DKK4
DKKL1	DKKL1
DLG4	DLG4
DLGAP5	DLGAP5
DLK1	DLK1
DLL1	DLL1
DLL4	DLL4
DMP1	DMP1
DNAJA1	DNAJA1
DNAJA2	DNAJA2
DNAJA4	DNAJA4
DNAJB1	DNAJB1
DNAJB14	DNAJB14
DNAJB14.8037.53.3	DNAJB14
DNAJB14.8053.16.3	DNAJB14
DNAJB2	DNAJB2
DNAJB6	DNAJB6
DNAJB8	DNAJB8
DNAJC10.8297.8.3	DNAJC10
DNAJC21	DNAJC21
DNAJC6	DNAJC6
DNAJC9	DNAJC9
DNER	DNER
DNLZ	DNLZ
DNM1	DNM1
DNM3	DNM3
DNMBP	DNMBP
DNPEP	DNPEP
DNPH1	DNPH1
DOC2B	DOC2B
DOCK9	DOCK9
DOK1	DOK1
DOK2	DOK2
DPEP1	DPEP1
DPEP2	DPEP2
DPP10	DPP10
DPP4	DPP4
DPP6	DPP6
DPP7	DPP7
DPT	DPT
DPT.4979.34.2	DPT
DPY30	DPY30
DPYSL5.12683.156.3	DPYSL5
DRAXIN	DRAXIN
DRG2	DRG2
DSC2	DSC2
DSCAM	DSCAM
DSG2	DSG2
DSG2.9484.75.3	DSG2
DSG3	DSG3
DSG4	DSG4
DTD1	DTD1
DTNB	DTNB
DTX2	DTX2
DTX3	DTX3
DTYMK	DTYMK
DUOX2	DUOX2
DUSP13	DUSP13
DUSP29	DUSP29
DUSP3	DUSP3
DUSP4.10035.6.3	DUSP4
DUT	DUT
DXO	DXO
DYNAP.10692.48.3	DYNAP
DYNC1H1	DYNC1H1
DYNLL1.3881.49.2	DYNLL1
DYNLT1	DYNLT1
DYNLT3	DYNLT3
E2RYF7	HCG22
EBAG9	EBAG9
EBI3_IL27	EBI3_IL27
ECE1	ECE1
ECE1.3611.70.4	ECE1
ECHDC3	ECHDC3
ECHS1	ECHS1
ECI2	ECI2
ECM1	ECM1
ECSCR	ECSCR
EDA.2826.53.2	EDA
EDA2R	EDA2R
EDAR	EDAR
EDDM3B	EDDM3B
EDDM3B.7782.34.3	EDDM3B
EDEM2	EDEM2
EDF1	EDF1
EDIL3	EDIL3
EDN1	EDN1
EDNRB	EDNRB
EEF1D	EEF1D
EFCAB2	EFCAB2
EFEMP1	EFEMP1
EFHD1	EFHD1
EFNA1	EFNA1
EFNA3.14153.8.3	EFNA3
EFNA4	EFNA4
EFNB2	EFNB2
EFNB3.7785.1.3	EFNB3
EGF	EGF
EGFL7	EGFL7
EGFLAM	EGFLAM
EGFR	EGFR
EGLN1	EGLN1
EHBP1	EHBP1
EHD3	EHD3
EIF1AX	EIF1AX
EIF2AK2	EIF2AK2
EIF2AK3	EIF2AK3
EIF2S2	EIF2S2
EIF4B	EIF4B
EIF4EBP1	EIF4EBP1
EIF4G1	EIF4G1
EIF4G3	EIF4G3
EIF5	EIF5
EIF5A	EIF5A
ELAC1	ELAC1
ELAVL4	ELAVL4
ELL2.11494.4.3	ELL2
ELN	ELN
ELOA	ELOA
ELOB	ELOB
EMC1.11989.35.3	EMC1
EMILIN3.8773.172.3	EMILIN3
EMILIN3.9991.112.3	EMILIN3
ENAH	ENAH
ENDOU	ENDOU
ENG	ENG
ENO1	ENO1
ENO2	ENO2
ENO3	ENO3
ENOPH1	ENOPH1
ENOX2	ENOX2
ENPEP	ENPEP
ENPP2	ENPP2
ENPP5	ENPP5
ENPP5.6556.5.3	ENPP5
ENPP6	ENPP6
ENPP7	ENPP7
ENSA	ENSA
ENTHD2.7947.19.3	ENTHD2
ENTPD2	ENTPD2
ENTPD5	ENTPD5
ENTPD6	ENTPD6
ENTR1	ENTR1
EP300	EP300
EPB41L5	EPB41L5
EPCAM	EPCAM
EPGN	EPGN
EPHA1	EPHA1
EPHA10	EPHA10
EPHA10.6036.78.3	EPHA10
EPHA2	EPHA2
EPHA4	EPHA4
EPHA5.3806.55.1	EPHA5
EPHB2.8225.86.3	EPHB2
EPHB4	EPHB4
EPHB6	EPHB6
EPHB6.5078.82.3	EPHB6
EPHX2	EPHX2
EPN1	EPN1
EPO	EPO
EPPK1	EPPK1
EPS8L2	EPS8L2
ERBB2	ERBB2
ERBB3	ERBB3
ERBB4	ERBB4
ERBIN	ERBIN
ERC2	ERC2
ERCC1	ERCC1
ERCC1.12585.39.3	ERCC1
EREG	EREG
EREG.4956.2.1	EREG
ERMAP	ERMAP
ERN1	ERN1
ERP29	ERP29
ERP44	ERP44
ERVV-1	ERVV-1
ERVV.1.12531.5.3	ERVV
ESAM	ESAM
ESM1	ESM1
ESPL1	ESPL1
ESR1	ESR1
EVA1C.8877.22.3	EVA1C
EVI2B	EVI2B
EVPL	EVPL
EXTL1	EXTL1
EZR	EZR
F10	F10
F10.3077.66.2	F10
F10.4878.3.1	F10
F11	F11
F11R	F11R
F12	F12
F13B	F13B
F2	F2
F2R	F2R
F3	F3
F3.4931.59.1	F3
F7	F7
F9	F9
FABP1	FABP1
FABP2	FABP2
FABP3	FABP3
FABP4	FABP4
FABP4.9851.9.3	FABP4
FABP5	FABP5
FABP6	FABP6
FABP9	FABP9
FADD	FADD
FAH.11424.4.3	FAH
FAM107B.4774.62.3	FAM107B
FAM107B.7801.30.3	FAM107B
FAM13A	FAM13A
FAM151A.7856.51.3	FAM151A
FAM171A2	FAM171A2
FAM171B	FAM171B
FAM172A	FAM172A
FAM189A2.5699.19.3	FAM189A2
FAM19A2.6430.36.3	FAM19A2
FAM19A4.6511.17.3	FAM19A4
FAM20A	FAM20A
FAM20A.6433.57.3	FAM20A
FAM20B.7198.197.3	FAM20B
FAM3B	FAM3B
FAM3C	FAM3C
FAM3D	FAM3D
FAM96A.8787.21.3	FAM96A
FAP	FAP
FARSA	FARSA
FAS	FAS
FAS.9459.7.3	FAS
FASLG	FASLG
FBLN2	FBLN2
FBN2	FBN2
FBP1	FBP1
FBXL4.11416.23.3	FBXL4
FBXO3.14628.72.3	FBXO3
FCAMR	FCAMR
FCAR	FCAR
FCER1A	FCER1A
FCER2	FCER2
FCGR1A.3312.64.1	FCGR1A
FCGR2A	FCGR2A
FCGR2A.3309.2.2	FCGR2A
FCGR2B	FCGR2B
FCGR2B.3310.62.1	FCGR2B
FCGR3B	FCGR3B
FCGR3B.3311.27.1	FCGR3B
FCN1	FCN1
FCN2	FCN2
FCRL1	FCRL1
FCRL2	FCRL2
FCRL3	FCRL3
FCRL5	FCRL5
FCRL6	FCRL6
FCRLB	FCRLB
FDX1	FDX1
FDX2	FDX2
FEN1	FEN1
FES	FES
FETUB	FETUB
FGA	FGA
FGD3	FGD3
FGF12	FGF12
FGF16	FGF16
FGF19	FGF19
FGF19.2762.30.2	FGF19
FGF2	FGF2
FGF20	FGF20
FGF21	FGF21
FGF23	FGF23
FGF3	FGF3
FGF5	FGF5
FGF6	FGF6
FGF7	FGF7
FGF9	FGF9
FGF9.2764.20.2	FGF9
FGFBP1	FGFBP1
FGFBP2	FGFBP2
FGFBP3	FGFBP3
FGFR2	FGFR2
FGFR4	FGFR4
FGL1	FGL1
FGR	FGR
FH	FH
FHIP2A	FHIP2A
FHIT	FHIT
FIG4.6948.82.3	FIG4
FIS1	FIS1
FJX1.7921.65.3	FJX1
FKBP14	FKBP14
FKBP1B	FKBP1B
FKBP4	FKBP4
FKBP5	FKBP5
FKBP7	FKBP7
FKBPL	FKBPL
FLI1	FLI1
FLNA.11124.9.3	FLNA
FLNA.12906.137.3	FLNA
FLRT2	FLRT2
FLT1	FLT1
FLT3	FLT3
FLT3LG	FLT3LG
FLT4	FLT4
FMNL1	FMNL1
FMR1	FMR1
FN1	FN1
FNDC1	FNDC1
FOLH1	FOLH1
FOLR1	FOLR1
FOLR2	FOLR2
FOLR3	FOLR3
FOS	FOS
FOSB	FOSB
FOXJ3	FOXJ3
FOXL2.11375.49.3	FOXL2
FOXO1	FOXO1
FOXO3	FOXO3
FRMD7	FRMD7
FRZB	FRZB
FSHB	FSHB
FST	FST
FSTL1	FSTL1
FSTL1.13112.179.3	FSTL1
FSTL3	FSTL3
FTCD	FTCD
FTH1.FTL.5934.1.3	FTH1.FTL.5934.1.3
FUCA1	FUCA1
FUOM	FUOM
FURIN	FURIN
FURIN.6276.16.3	FURIN
FUS	FUS
FUT1	FUT1
FUT3_FUT5	FUT3_FUT5
FUT8	FUT8
FXN	FXN
FXYD5	FXYD5
FYB1	FYB1
FZD10	FZD10
FZD8	FZD8
GABARAP	GABARAP
GABARAPL1	GABARAPL1
GABRA4	GABRA4
GAD1	GAD1
GAD2	GAD2
GADD45GIP1	GADD45GIP1
GAGE2A	GAGE2A
GAL	GAL
GALNT10	GALNT10
GALNT2	GALNT2
GALNT3	GALNT3
GALNT5	GALNT5
GALNT7	GALNT7
GALNT7.10888.4.3	GALNT7
GAMT	GAMT
GAPDH	GAPDH
GAPDHS.8004.15.3	GAPDHS
GART	GART
GAS1.5463.22.3	GAS1
GAS6	GAS6
GASK1A	GASK1A
GAST	GAST
GATA3	GATA3
GATD3	GATD3
GBA	GBA
GBP1	GBP1
GBP2	GBP2
GBP4	GBP4
GBP6	GBP6
GC	GC
GCG	GCG
GCHFR	GCHFR
GCNT1	GCNT1
GDF15	GDF15
GDF15.4374.45.2	GDF15
GDF2	GDF2
GDNF	GDNF
GET3	GET3
GFAP	GFAP
GFER	GFER
GFOD2	GFOD2
GFRA1	GFRA1
GFRA2	GFRA2
GFRA2.2515.14.3	GFRA2
GFRA3	GFRA3
GFRAL	GFRAL
GFRAL.6920.1.3	GFRAL
GGA1	GGA1
GGH	GGH
GGH.9370.69.3	GGH
GGT1	GGT1
GGT5	GGT5
GH1	GH1
GH2	GH2
GHR	GHR
GHRHR	GHRHR
GHRL	GHRL
GID8	GID8
GIGYF2	GIGYF2
GIMAP7	GIMAP7
GIMAP8	GIMAP8
GIP	GIP
GIPC2	GIPC2
GIPC3	GIPC3
GIT1	GIT1
GJA8	GJA8
GJA8.12711.19.3	GJA8
GKN1	GKN1
GLA	GLA
GLB1	GLB1
GLI2	GLI2
GLIPR1.9265.10.3	GLIPR1
GLO1	GLO1
GLO1.9883.29.3	GLO1
GLOD4	GLOD4
GLP1R	GLP1R
GLRX	GLRX
GLRX5	GLRX5
GLT8D2	GLT8D2
GLTPD2.7948.129.3	GLTPD2
GLYR1	GLYR1
GM2A	GM2A
GMFG	GMFG
GMFG.13062.4.3	GMFG
GMPR	GMPR
GMPR2	GMPR2
GNAS	GNAS
GNE	GNE
GNGT1	GNGT1
GNLY	GNLY
GNMT.14006.36.3	GNMT
GNPDA1	GNPDA1
GNPDA2	GNPDA2
GNRH2.10708.3.3	GNRH2
GOLGA3	GOLGA3
GOLM2	GOLM2
GOPC	GOPC
GORASP2	GORASP2
GOT1	GOT1
GP1BA	GP1BA
GP1BB	GP1BB
GP2	GP2
GP5.7185.29.3	GP5
GP6	GP6
GPA33	GPA33
GPC1	GPC1
GPC5	GPC5
GPC6.5350.14.2	GPC6
GPD1	GPD1
GPHA2	GPHA2
GPI	GPI
GPIHBP1	GPIHBP1
GPKOW	GPKOW
GPNMB	GPNMB
GPNMB.8240.207.3	GPNMB
GPR101	GPR101
GPR158	GPR158
GPR15L	GPR15L
GPR37	GPR37
GPRC5C	GPRC5C
GRAP2	GRAP2
GREM2.5598.3.3	GREM2
GRHPR	GRHPR
GRID2.12758.47.3	GRID2
GRIK2	GRIK2
GRIN2B	GRIN2B
GRK5	GRK5
GRN	GRN
GRP	GRP
GRPEL1	GRPEL1
GRSF1	GRSF1
GSAP	GSAP
GSKIP.12849.25.3	GSKIP
GSR	GSR
GSTA1	GSTA1
GSTA3	GSTA3
GSTM4	GSTM4
GSTP1	GSTP1
GSTT2B	GSTT2B
GTF2IRD1	GTF2IRD1
GTPBP2	GTPBP2
GUCA2A	GUCA2A
GUCY2C	GUCY2C
GUK1	GUK1
GUSB	GUSB
GYS1	GYS1
GZMA	GZMA
GZMB	GZMB
GZMH	GZMH
H2AP	H2AP
H6PD.7161.25.3	H6PD
HADH	HADH
HAGH	HAGH
HAO1	HAO1
HAPLN1.3196.6.2	HAPLN1
HARS1	HARS1
HAVCR1	HAVCR1
HAVCR2	HAVCR2
HBEGF	HBEGF
HBQ1	HBQ1
HBZ	HBZ
HCG22	HCG22
HCLS1	HCLS1
HDAC8	HDAC8
HDAC9	HDAC9
HDDC2	HDDC2
HDGF	HDGF
HDGFL2	HDGFL2
HEBP1	HEBP1
HEG1	HEG1
HEPACAM2	HEPACAM2
HEPACAM2.9116.28.3	HEPACAM2
HEPH	HEPH
HEXIM1	HEXIM1
HGF	HGF
HGFAC	HGFAC
HGS	HGS
HHEX	HHEX
HIF1A	HIF1A
HIF1A.13089.6.3	HIF1A
HIP1	HIP1
HIP1R	HIP1R
HJV	HJV
HK2	HK2
HLA-A	HLA-A
HLA-DRA	HLA-DRA
HLA-E	HLA-E
HLA.DPB1.8755.202.3	HLA.DPB1.8755.202.3
HMBS	HMBS
HMCN2	HMCN2
HMGCS1	HMGCS1
HMGCS1.13496.19.3	HMGCS1
HMMR	HMMR
HMOX1	HMOX1
HMOX2	HMOX2
HNF1A	HNF1A
HNMT	HNMT
HNRNPK	HNRNPK
HPCAL1	HPCAL1
HPGDS	HPGDS
HPSE	HPSE
HRAS	HRAS
HRC	HRC
HRG	HRG
HS3ST3B1	HS3ST3B1
HS3ST4.8998.15.3	HS3ST4
HS6ST1	HS6ST1
HS6ST2	HS6ST2
HS6ST2.13524.25.3	HS6ST2
HSBP1	HSBP1
HSD11B1	HSD11B1
HSD17B14	HSD17B14
HSD17B14.13972.4.3	HSD17B14
HSD17B3	HSD17B3
HSDL2	HSDL2
HSP90AB1.5467.15.3	HSP90AB1
HSP90B1	HSP90B1
HSPA1A	HSPA1A
HSPA2	HSPA2
HSPB1	HSPB1
HSPB6	HSPB6
HSPG2	HSPG2
HTN1.10608.9.3	HTN1
HTR1A	HTR1A
HTR1B	HTR1B
HTRA2	HTRA2
HYAL1	HYAL1
HYOU1	HYOU1
I3L3R5	CCER2
IBSP.14023.84.3	IBSP
IBSP.3415.61.2	IBSP
ICA1	ICA1
ICAM1	ICAM1
ICAM2	ICAM2
ICAM3	ICAM3
ICAM4	ICAM4
ICAM5	ICAM5
ICOS.14084.191.3	ICOS
ICOSLG	ICOSLG
ID1.9436.2.3	ID1
ID4	ID4
IDI2	IDI2
IDO1	IDO1
IDO1.9759.13.3	IDO1
IDS	IDS
IDUA	IDUA
IDUA.3169.70.2	IDUA
IFI30	IFI30
IFIT1	IFIT1
IFIT3	IFIT3
IFNA10.14128.121.3	IFNA10
IFNA5.6210.100.3	IFNA5
IFNAR1.9183.7.3	IFNAR1
IFNG	IFNG
IFNGR1	IFNGR1
IFNGR2	IFNGR2
IFNGR2.9305.89.3	IFNGR2
IFNL1	IFNL1
IFNL2	IFNL2
IFNL2.4397.26.2	IFNL2
IFNLR1	IFNLR1
IFNW1.7196.21.3	IFNW1
IGBP1	IGBP1
IGDCC3	IGDCC3
IGDCC4	IGDCC4
IGDCC4.9793.145.3	IGDCC4
IGF1R	IGF1R
IGF2BP3	IGF2BP3
IGF2R	IGF2R
IGFBP1	IGFBP1
IGFBP1.2771.35.2	IGFBP1
IGFBP2	IGFBP2
IGFBP3	IGFBP3
IGFBP3.2571.12.3	IGFBP3
IGFBP4	IGFBP4
IGFBP6	IGFBP6
IGFBP6.14088.38.3	IGFBP6
IGFBP7	IGFBP7
IGFBPL1	IGFBPL1
IGFL4	IGFL4
IGHE.IGK.IGL.4135.84.2	IGHE.IGK.IGL.4135.84.2
IGHMBP2	IGHMBP2
IGLC2	IGLC2
IGLL1.6485.59.3	IGLL1
IGLON5	IGLON5
IGLON5.6478.2.3	IGLON5
IGSF11.10700.10.3	IGSF11
IGSF11.9279.7.3	IGSF11
IGSF21	IGSF21
IGSF3	IGSF3
IGSF8	IGSF8
IGSF9	IGSF9
IKBKG	IKBKG
IKZF2	IKZF2
IL10	IL10
IL10RA	IL10RA
IL10RB	IL10RB
IL11	IL11
IL11RA.3814.63.1	IL11RA
IL12A_IL12B	IL12A_IL12B
IL12B	IL12B
IL12RB1	IL12RB1
IL12RB2	IL12RB2
IL13	IL13
IL13.3072.4.2	IL13
IL13RA1	IL13RA1
IL15	IL15
IL15RA	IL15RA
IL16	IL16
IL17A	IL17A
IL17C	IL17C
IL17C.9255.5.3	IL17C
IL17D	IL17D
IL17F	IL17F
IL17RA	IL17RA
IL17RB	IL17RB
IL17RC.5468.67.3	IL17RC
IL18	IL18
IL18BP	IL18BP
IL18R1	IL18R1
IL18RAP	IL18RAP
IL19	IL19
IL19.3035.80.2	IL19
IL1A	IL1A
IL1B	IL1B
IL1R1	IL1R1
IL1R2	IL1R2
IL1RAP	IL1RAP
IL1RL1	IL1RL1
IL1RL1.4234.8.2	IL1RL1
IL1RL2	IL1RL2
IL1RN	IL1RN
IL2	IL2
IL2.3070.1.2	IL2
IL20	IL20
IL20RA	IL20RA
IL20RB	IL20RB
IL21.7124.18.3	IL21
IL22	IL22
IL22RA1	IL22RA1
IL22RA2.9456.34.3	IL22RA2
IL23R.5088.175.3	IL23R
IL24	IL24
IL24.3321.2.2	IL24
IL25	IL25
IL27.EBI3.2829.19.2	IL27.EBI3.2829.19.2
IL2RA	IL2RA
IL2RB	IL2RB
IL2RG	IL2RG
IL3	IL3
IL31	IL31
IL31RA	IL31RA
IL31RA.8273.84.3	IL31RA
IL32	IL32
IL33	IL33
IL34	IL34
IL36A	IL36A
IL36B.14149.9.3	IL36B
IL36G	IL36G
IL3RA	IL3RA
IL3RA.13744.37.3	IL3RA
IL4	IL4
IL4R	IL4R
IL5	IL5
IL5RA	IL5RA
IL5RA.4491.4.2	IL5RA
IL6	IL6
IL6R	IL6R
IL6ST	IL6ST
IL7	IL7
IL7R	IL7R
IL9	IL9
IL9.5834.18.3	IL9
ILKAP	ILKAP
IMPA1	IMPA1
IMPACT	IMPACT
IMPG1	IMPG1
ING1	ING1
INHBB	INHBB
INHBC	INHBC
INPP1	INPP1
INPP5D	INPP5D
INPPL1	INPPL1
INSL3	INSL3
INSL4	INSL4
INSL5	INSL5
INSL5.10462.14.3	INSL5
INSR	INSR
INSR.3448.13.2	INSR
IPCEF1	IPCEF1
IQGAP2	IQGAP2
IRAG2	IRAG2
IRAK1	IRAK1
IRAK4	IRAK4
ISLR2	ISLR2
ISLR2.13124.20.3	ISLR2
ISM1	ISM1
ISM2	ISM2
IST1	IST1
ITFG1.9347.13.3	ITFG1
ITGA11	ITGA11
ITGA2	ITGA2
ITGA5	ITGA5
ITGA6	ITGA6
ITGAL	ITGAL
ITGAM	ITGAM
ITGAV	ITGAV
ITGAV.ITGB5.4917.62.1	ITGAV.ITGB5.4917.62.1
ITGAX	ITGAX
ITGB1	ITGB1
ITGB1BP1	ITGB1BP1
ITGB1BP2	ITGB1BP2
ITGB2	ITGB2
ITGB5	ITGB5
ITGB6	ITGB6
ITGB7	ITGB7
ITGBL1	ITGBL1
ITIH1	ITIH1
ITIH3	ITIH3
ITIH4	ITIH4
ITIH5	ITIH5
ITIH5.8233.2.3	ITIH5
ITM2A	ITM2A
ITPA	ITPA
ITPKA.13473.55.3	ITPKA
ITPR1	ITPR1
ITPRIP	ITPRIP
IVD	IVD
IZUMO1	IZUMO1
JAM2	JAM2
JCHAIN	JCHAIN
JMJD1C	JMJD1C
JPT2	JPT2
JUN	JUN
JUN.10356.21.3	JUN
KAZALD1	KAZALD1
KAZN	KAZN
KCNC4	KCNC4
KCNE2.10427.2.3	KCNE2
KCNE5.8908.14.3	KCNE5
KCNH2	KCNH2
KCNIP4	KCNIP4
KCTD5	KCTD5
KCTD5.12473.48.3	KCTD5
KDM3A	KDM3A
KDR	KDR
KEL	KEL
KHDC3L	KHDC3L
KHK	KHK
KIAA0319	KIAA0319
KIAA1324.9097.5.3	KIAA1324
KIAA1549	KIAA1549
KIAA1549L	KIAA1549L
KIAA2013	KIAA2013
KIF1C	KIF1C
KIF20B	KIF20B
KIF22	KIF22
KIFBP	KIFBP
KIR2DL2	KIR2DL2
KIR2DL3	KIR2DL3
KIR2DL4.5095.7.3	KIR2DL4
KIR2DS2.10428.1.3	KIR2DS2
KIR2DS4	KIR2DS4
KIR3DL1	KIR3DL1
KIR3DL2	KIR3DL2
KIRREL1	KIRREL1
KIRREL2	KIRREL2
KIT	KIT
KITLG	KITLG
KLB	KLB
KLF4	KLF4
KLHL12.12695.62.3	KLHL12
KLHL41	KLHL41
KLK1	KLK1
KLK10	KLK10
KLK11	KLK11
KLK12	KLK12
KLK13	KLK13
KLK14	KLK14
KLK14.8620.56.3	KLK14
KLK15	KLK15
KLK3	KLK3
KLK3.8468.19.3	KLK3
KLK4	KLK4
KLK5.14039.33.3	KLK5
KLK6	KLK6
KLK7	KLK7
KLK7.3378.49.2	KLK7
KLK8	KLK8
KLK8.13708.56.3	KLK8
KLKB1	KLKB1
KLRB1	KLRB1
KLRC1	KLRC1
KLRD1	KLRD1
KLRF1	KLRF1
KLRK1	KLRK1
KLRK1.3056.11.1	KLRK1
KRT14	KRT14
KRT17	KRT17
KRT18	KRT18
KRT19	KRT19
KRT5	KRT5
KRT6C	KRT6C
KRT8	KRT8
KYAT1	KYAT1
KYNU	KYNU
L1CAM	L1CAM
L3HYPDH	L3HYPDH
LACRT	LACRT
LACTB2	LACTB2
LAG3	LAG3
LAG3.9950.229.3	LAG3
LAIR1	LAIR1
LAIR2	LAIR2
LAMA4	LAMA4
LAMB1	LAMB1
LAMC2.9580.5.3	LAMC2
LAMP1	LAMP1
LAMP2	LAMP2
LAMP3	LAMP3
LAP3	LAP3
LARP1	LARP1
LAT	LAT
LAT2	LAT2
LATS1	LATS1
LAYN	LAYN
LBP	LBP
LBR	LBR
LCAT	LCAT
LCN15	LCN15
LCN2	LCN2
LCP1	LCP1
LDLR	LDLR
LDLRAP1	LDLRAP1
LECT1.9928.125.3	LECT1
LECT2	LECT2
LEFTY2	LEFTY2
LEG1	LEG1
LELP1	LELP1
LEO1	LEO1
LEP	LEP
LEP.2575.5.5	LEP
LEPR	LEPR
LETM1	LETM1
LGALS1	LGALS1
LGALS1.8046.9.3	LGALS1
LGALS3	LGALS3
LGALS3BP	LGALS3BP
LGALS4	LGALS4
LGALS7_LGALS7B	LGALS7_LGALS7B
LGALS8	LGALS8
LGALS9	LGALS9
LGMN	LGMN
LHB	LHB
LHPP	LHPP
LIF	LIF
LIFR	LIFR
LILRA2	LILRA2
LILRA3	LILRA3
LILRA4	LILRA4
LILRA4.8299.66.3	LILRA4
LILRA5	LILRA5
LILRA6	LILRA6
LILRA6.7059.14.3	LILRA6
LILRB1	LILRB1
LILRB2	LILRB2
LILRB2.5633.65.3	LILRB2
LILRB3.11334.7.3	LILRB3
LILRB4	LILRB4
LILRB5	LILRB5
LIPF	LIPF
LIPN.8097.77.3	LIPN
LMAN2.7638.30.3	LMAN2
LMNB1	LMNB1
LMNB2	LMNB2
LMOD1	LMOD1
LMOD2	LMOD2
LONP1	LONP1
LPA	LPA
LPCAT2	LPCAT2
LPL	LPL
LPO	LPO
LPO.4801.13.3	LPO
LRCH4	LRCH4
LRFN2	LRFN2
LRG1	LRG1
LRIG1	LRIG1
LRIG3	LRIG3
LRIT2.11716.28.3	LRIT2
LRP1	LRP1
LRP11	LRP11
LRP2BP	LRP2BP
LRPAP1	LRPAP1
LRPAP1.3640.14.3	LRPAP1
LRRC25	LRRC25
LRRC37A2	LRRC37A2
LRRC38	LRRC38
LRRC59	LRRC59
LRRN1	LRRN1
LRRN3.10471.25.3	LRRN3
LRRTM2.6904.14.3	LRRTM2
LRRTM4.6572.10.3	LRRTM4
LRTM1	LRTM1
LRTM2	LRTM2
LSM1	LSM1
LSM8	LSM8
LSP1	LSP1
LTA	LTA
LTA4H	LTA4H
LTBP2	LTBP2
LTBP3	LTBP3
LTBR	LTBR
LTO1	LTO1
LUZP2	LUZP2
LXN	LXN
LY6D	LY6D
LY75	LY75
LY9	LY9
LY96	LY96
LYAR	LYAR
LYN	LYN
LYPD1	LYPD1
LYPD3	LYPD3
LYPD8	LYPD8
LYPLA2	LYPLA2
LYSMD3	LYSMD3
LYVE1	LYVE1
LYZL2	LYZL2
LYZL2.6377.54.3	LYZL2
MAD1L1	MAD1L1
MAEA	MAEA
MAG	MAG
MAGEA3	MAGEA3
MAGED1	MAGED1
MAGI2.14066.49.3	MAGI2
MAMDC2	MAMDC2
MAMDC4	MAMDC4
MAN2B2	MAN2B2
MANEAL	MANEAL
MANF	MANF
MANSC1	MANSC1
MANSC4	MANSC4
MANSC4.9578.263.3	MANSC4
MAP1LC3A	MAP1LC3A
MAP1LC3B2	MAP1LC3B2
MAP2	MAP2
MAP2K1	MAP2K1
MAP2K6	MAP2K6
MAP3K5	MAP3K5
MAP4K5	MAP4K5
MAPK13	MAPK13
MAPK8.3825.18.2	MAPK8
MAPK9	MAPK9
MAPKAPK2	MAPKAPK2
MAPKAPK5.8382.47.3	MAPKAPK5
MAPRE3	MAPRE3
MAPT	MAPT
MARCO	MARCO
MARS1	MARS1
MASP1	MASP1
MATN2	MATN2
MATN2.3325.2.2	MATN2
MATN3	MATN3
MAVS	MAVS
MAX	MAX
MB	MB
MBL2	MBL2
MBL2.3000.66.1	MBL2
MCAM	MCAM
MCEE	MCEE
MCEMP1	MCEMP1
MCFD2	MCFD2
MCFD2.10476.23.3	MCFD2
MCTS1	MCTS1
MDGA1	MDGA1
MDH1	MDH1
MDK	MDK
MDM1	MDM1
MECR	MECR
MED18	MED18
MED21	MED21
MEGF10	MEGF10
MEGF11	MEGF11
MEGF9	MEGF9
MELTF	MELTF
MENT	MENT
MENT.5744.12.3	MENT
MEP1A	MEP1A
MEP1B	MEP1B
MEPE	MEPE
MERTK	MERTK
MESD	MESD
MET	MET
METAP1	METAP1
METAP1D	METAP1D
METAP2	METAP2
MFAP3	MFAP3
MFAP5	MFAP5
MFAP5.6440.31.3	MFAP5
MFGE8	MFGE8
MGAT1.10571.14.3	MGAT1
MGLL	MGLL
MGMT	MGMT
MIA	MIA
MIA.2687.2.1	MIA
MICALL2	MICALL2
MICB_MICA	MICB_MICA
MIF	MIF
MILR1	MILR1
MILR1.11173.29.3	MILR1
MINDY1	MINDY1
MINK1	MINK1
MITD1	MITD1
MLLT1	MLLT1
MLN	MLN
MLN.5631.83.3	MLN
MME	MME
MMP1	MMP1
MMP10	MMP10
MMP12	MMP12
MMP12.4496.60.2	MMP12
MMP13	MMP13
MMP15	MMP15
MMP2	MMP2
MMP3	MMP3
MMP7	MMP7
MMP8	MMP8
MMP8.2954.56.2	MMP8
MMP9	MMP9
MMUT	MMUT
MN1	MN1
MNAT1	MNAT1
MNDA	MNDA
MOCS2	MOCS2
MOG	MOG
MORF4L1	MORF4L1
MORF4L2	MORF4L2
MORN4	MORN4
MPI	MPI
MPIG6B	MPIG6B
MPO	MPO
MPRIP	MPRIP
MRC1	MRC1
MRI1	MRI1
MRPL33.13453.2.3	MRPL33
MRPL46	MRPL46
MRPL58	MRPL58
MRPS16	MRPS16
MSLN	MSLN
MSLNL	MSLNL
MSMB	MSMB
MSMP.8080.24.3	MSMP
MSR1	MSR1
MSRA	MSRA
MST1	MST1
MSTN	MSTN
MTAP.9910.9.3	MTAP
MTDH	MTDH
MTHFD2	MTHFD2
MTHFSD	MTHFSD
MTIF3	MTIF3
MTPN	MTPN
MTR	MTR
MTSS1	MTSS1
MTSS2	MTSS2
MTUS1	MTUS1
MUC1.11267.11.3	MUC1
MUC13	MUC13
MUC16	MUC16
MUC2	MUC2
MUCL3	MUCL3
MUSK.11547.84.3	MUSK
MVK	MVK
MXRA8	MXRA8
MXRA8.10521.10.3	MXRA8
MYBPC1	MYBPC1
MYBPC2	MYBPC2
MYCBP2	MYCBP2
MYH4	MYH4
MYH7B	MYH7B
MYL1	MYL1
MYL3	MYL3
MYL4	MYL4
MYL6B	MYL6B
MYLPF	MYLPF
MYO6	MYO6
MYO9B	MYO9B
MYOC	MYOC
MYOM1	MYOM1
MYOM2	MYOM2
MYOM3	MYOM3
MZB1	MZB1
MZT1	MZT1
NAA80	NAA80
NAAA	NAAA
NAB2.13680.3.3	NAB2
NACC1	NACC1
NADK	NADK
NAGA	NAGA
NAGK	NAGK
NAGPA	NAGPA
NAGPA.11208.15.3	NAGPA
NAMPT	NAMPT
NAPRT	NAPRT
NAT14.11120.49.3	NAT14
NBL1	NBL1
NBN	NBN
NCAM1	NCAM1
NCAM2	NCAM2
NCAN	NCAN
NCF2	NCF2
NCK2	NCK2
NCLN	NCLN
NCR1	NCR1
NCR1.5104.57.3	NCR1
NCR1.8360.169.3	NCR1
NCR3.3003.29.2	NCR3
NCR3LG1	NCR3LG1
NCS1	NCS1
NDRG1	NDRG1
NDST1	NDST1
NDUFA5	NDUFA5
NDUFB7	NDUFB7
NDUFS6	NDUFS6
NDUFV2.7748.11.3	NDUFV2
NEB	NEB
NECAP2	NECAP2
NECTIN2	NECTIN2
NECTIN4	NECTIN4
NEDD4L	NEDD4L
NEDD9	NEDD9
NEFH.9900.36.3	NEFH
NEFL	NEFL
NEK7	NEK7
NELL1	NELL1
NELL2	NELL2
NELL2.6022.57.3	NELL2
NENF	NENF
NEO1	NEO1
NEXN	NEXN
NFASC	NFASC
NFASC.7179.69.3	NFASC
NFAT5	NFAT5
NFATC1	NFATC1
NFATC3	NFATC3
NFE2	NFE2
NFIC	NFIC
NFKB2	NFKB2
NFKBIE	NFKBIE
NFYA	NFYA
NGF	NGF
NGFR	NGFR
NGFR.8949.3.3	NGFR
NGRN	NGRN
NHLRC3	NHLRC3
NID1	NID1
NID1.3213.65.2	NID1
NID2	NID2
NINJ1	NINJ1
NIT1	NIT1
NLGN1	NLGN1
NLGN2	NLGN2
NME1	NME1
NME3	NME3
NMI	NMI
NMNAT1	NMNAT1
NMRK2	NMRK2
NMT1	NMT1
NOMO1	NOMO1
NOP56	NOP56
NOS1	NOS1
NOS2	NOS2
NOS3	NOS3
NOTCH1	NOTCH1
NOTCH2	NOTCH2
NOTCH3	NOTCH3
NPDC1	NPDC1
NPHS1	NPHS1
NPHS2	NPHS2
NPL	NPL
NPPB	NPPB
NPPB.7655.11.3	NPPB
NPPC	NPPC
NPTN	NPTN
NPTX1	NPTX1
NPTX2	NPTX2
NPTXR	NPTXR
NPW.9986.14.3	NPW
NPY	NPY
NR3C1.2857.70.2	NR3C1
NRAC.13464.8.3	NRAC
NRCAM	NRCAM
NRGN	NRGN
NRP1	NRP1
NRP2	NRP2
NRTN	NRTN
NRXN2.8876.51.3	NRXN2
NRXN3	NRXN3
NSDHL.8038.41.3	NSDHL
NSF.13992.12.3	NSF
NSFL1C	NSFL1C
NT5C	NT5C
NT5C1A	NT5C1A
NT5C3A	NT5C3A
NT5E	NT5E
NTF3	NTF3
NTF4	NTF4
NTN4.3327.27.1	NTN4
NTRK2	NTRK2
NTRK3	NTRK3
NTRK3.2658.27.1	NTRK3
NTS.7857.22.3	NTS
NTproBNP	NT-proBNP
NUB1	NUB1
NUBP1	NUBP1
NUCB2	NUCB2
NUDC	NUDC
NUDT10	NUDT10
NUDT15	NUDT15
NUDT16	NUDT16
NUDT2	NUDT2
NUDT5	NUDT5
NUP50	NUP50
NXPE4	NXPE4
NXPH1	NXPH1
NXPH3	NXPH3
O00148	DDX39A
O00161	SNAP23
O00175	CCL24
O00182	LGALS9
O00186	STXBP3
O00194	RAB27B
O00203	AP3B1
O00206	TLR4
O00214	LGALS8
O00220	TNFRSF10A
O00221	NFKBIE
O00233	PSMD9
O00241	SIRPB1
O00244	ATOX1
O00253	AGRP
O00273	DFFA
O00291	HIP1
O00292	LEFTY2
O00300	TNFRSF11B
O00308	WWP2
O00327	ARNTL
O00337	SLC28A1
O00339	MATN2
O00391	QSOX1
O00399	DCTN6
O00401	WASL
O00422	SAP18
O00425	IGF2BP3
O00451	GFRA2
O00468	AGRN
O00533	CHL1
O00534	VWA5A
O00548	DLL1
O00559	EBAG9
O00567	NOP56
O00584	RNASET2
O00585	CCL21
O00592	PODXL
O00602	FCN1
O00622	CCN1
O00626	CCL22
O00748	CES2
O14503	BHLHE40
O14523	C2CD2L
O14530	TXNDC9
O14558	HSPB6
O14578	CIT
O14579	COPE
O14594	NCAN
O14618	CCS
O14625	CXCL11
O14662	STX16
O14713	ITGB1BP1
O14717	TRDMT1
O14737	PDCD5
O14745	SLC9A3R1
O14763	TNFRSF10B
O14773	TPP1
O14786	NRP1
O14788	TNFSF11
O14791	APOL1
O14793	MSTN
O14798	TNFRSF10C
O14828	SCAMP3
O14836	TNFRSF13B
O14841	OPLAH
O14867	BACH1
O14879	IFIT3
O14904	WNT9A
O14917	PCDH17
O14933	UBE2L6
O14944	EREG
O14958	CASQ2
O14960	LECT2
O14964	HGS
O14967	CLGN
O14974	PPP1R12A
O15013	ARHGEF10
O15018	PDZD2
O15020	SPTBN2
O15031	PLXNB2
O15078	CEP290
O15083	ERC2
O15116	LSM1
O15117	FYB1
O15123	ANGPT2
O15164	TRIM24
O15169	AXIN1
O15182	CETN3
O15197	EPHB6
O15211	RGL2
O15212	PFDN6
O15213	WDR46
O15232	MATN3
O15234	CASC3
O15240	VGF
O15263	DEFB4A_DEFB4B
O15264	MAPK13
O15269	SPTLC1
O15294	OGT
O15305	PMM2
O15335	CHAD
O15350	TP73
O15354	GPR37
O15357	INPPL1
O15382	BCAT2
O15389	SIGLEC5
O15394	NCAM2
O15400	STX7
O15444	CCL25
O15455	TLR3
O15467	CCL16
O15496	PLA2G10
O43155	FLRT2
O43184	ADAM12
O43186	CRX
O43240	KLK10
O43247	TEX33
O43278	SPINT1
O43280	TREH
O43290	SART1
O43291	SPINT2
O43312	MTSS1
O43320	FGF16
O43396	TXNL1
O43399	TPD52L2
O43405	COCH
O43422	THAP12
O43423	ANP32C
O43432	EIF4G3
O43464	HTRA2
O43474	KLF4
O43493	TGOLN2
O43504	LAMTOR5
O43505	B4GAT1
O43508	TNFSF12
O43521-2	BCL2L11
O43524	FOXO3
O43557	TNFSF14
O43561	LAT
O43570	CA12
O43583	DENR
O43597	SPRY2
O43598	DNPH1
O43639	NCK2
O43653	PSCA
O43663	PRC1
O43665	RGS10
O43681	GET3
O43699	SIGLEC6
O43707	ACTN4
O43715	TRIAP1
O43734	TRAF3IP2
O43736	ITM2A
O43739	CYTH3
O43752	STX6
O43768	ENSA
O43776	NARS1
O43805	SSNA1
O43827	ANGPTL7
O43854	EDIL3
O43866	CD5L
O43889	CREB3
O43895	XPNPEP2
O43896	KIF1C
O43903	GAS2
O43915	VEGFD
O43927	CXCL13
O60218	AKR1B10
O60220	TIMM8A
O60232	ZNRD2
O60234	GMFG
O60235	TMPRSS11D
O60237	PPP1R12B
O60238	BNIP3L
O60240	PLIN1
O60242	ADGRB3
O60243	HS6ST1
O60245	PCDH7
O60259	KLK8
O60279	SUSD5
O60437	PPL
O60447	EVI5
O60449	LY75
O60462	NRP2
O60469	DSCAM
O60476	MAN1A2
O60496	DOK2
O60500	NPHS1
O60502	OGA
O60542	PSPN
O60575	SPINK4
O60603	TLR2
O60609	GFRA3
O60635	TSPAN1
O60662	KLHL41
O60664	PLIN3
O60701	UGDH
O60749	SNX2
O60760	HPGDS
O60763	USO1
O60825	PFKFB2
O60828	PQBP1
O60869	EDF1
O60880	SH2D1A
O60884	DNAJA2
O60890	OPHN1
O60907	TBL1X
O60911	CTSV
O60934	NBN
O60939	SCN2B
O60941	DTNB
O75015	FCGR3B
O75023	LILRB5
O75054	IGSF3
O75061	DNAJC6
O75071	EFCAB14
O75077	ADAM23
O75121	MFAP3L
O75144	ICOSLG
O75146	HIP1R
O75154	RAB11FIP3
O75167	PHACTR2
O75173	ADAMTS4
O75190	DNAJB6
O75223	GGCT
O75293	GADD45B
O75312	ZPR1
O75326	SEMA7A
O75330	HMMR
O75339	CILP
O75340	PDCD6
O75347	TBCA
O75348	ATP6V1G1
O75351	VPS4B
O75354	ENTPD6
O75356	ENTPD5
O75365	PTP4A3
O75380	NDUFS6
O75409	H2AP
O75427	LRCH4
O75460	ERN1
O75462	CRLF1
O75475	PSIP1
O75493	CA11
O75506	HSBP1
O75509	TNFRSF21
O75521	ECI2
O75528	TADA3
O75534	CSDE1
O75563	SKAP2
O75569	PRKRA
O75592	MYCBP2
O75594	PGLYRP1
O75629	CREG1
O75631	UPK3A
O75665	OFD1
O75688	PPM1B
O75695	RP2
O75711	SCRG1
O75718	CRTAP
O75781	PALM
O75787	ATP6AP2
O75791	GRAP2
O75792	RNASEH2A
O75794	CDC123
O75830	SERPINI2
O75843	AP1G2
O75882-2	ATRN
O75888	TNFSF13
O75940	SMNDC1
O76036	NCR1
O76038	SCGN
O76039	CDKL5
O76061	STC2
O76070	SNCG
O76074	PDE5A
O76076	CCN5
O76096	CST7
O77932	DXO
O94760	DDAH1
O94766	B3GAT3
O94779	CNTN5
O94813	SLIT2
O94830	DDHD2
O94856	NFASC
O94903	PLPBP
O94907	DKK1
O94916	NFAT5
O94979	SEC31A
O94985	CLSTN1
O94986	CEP152
O94988	FAM13A
O94992	HEXIM1
O95049	TJP3
O95157	NXPH3
O95166	GABARAP
O95180	CACNA1H
O95183	VAMP5
O95196	CSPG5
O95202	LETM1
O95256	IL18RAP
O95274	LYPD3
O95295	SNAPIN
O95372	LYPLA2
O95379	TNFAIP8
O95388	CCN4
O95393	BMP10
O95407	TNFRSF6B
O95429	BAG4
O95433	AHSA1
O95445	APOM
O95466	FMNL1
O95467	GNAS
O95497	VNN1
O95498	VNN2
O95502	NPTXR
O95544	NADK
O95630	STAMBP
O95633	FSTL3
O95644	NFATC1
O95670	ATP6V1G2
O95684	CEP43
O95696	BRD1
O95715	CXCL14
O95721	SNAP29
O95727	CRTAM
O95750	FGF19
O95760	IL33
O95777	LSM8
O95786	DDX58
O95793	STAU1
O95817	BAG3
O95825	CRYZL1
O95831	AIFM1
O95835	LATS1
O95841	ANGPTL1
O95858	TSPAN15
O95866	MPIG6B
O95954	FTCD
O95965	ITGBL1
O95971	CD160
O95980	RECK
O95988	TCL1B
O95994	AGR2
O95997	PTTG1
O95998	IL18BP
O96007	MOCS2
O96013	PAK4
O96017	CHEK2
OBP2A.6526.77.3	OBP2A
OBP2B	OBP2B
OCLN	OCLN
ODAM	ODAM
OFD1	OFD1
OGA	OGA
OGFR	OGFR
OGN	OGN
OGT	OGT
OLFM4	OLFM4
OLFML3.8660.33.3	OLFML3
OLR1	OLR1
OMD	OMD
OMG	OMG
OMP	OMP
OPHN1	OPHN1
OPLAH	OPLAH
OPTC	OPTC
ORM1	ORM1
OSBPL11.12878.60.3	OSBPL11
OSCAR	OSCAR
OSM	OSM
OSMR	OSMR
OSTN	OSTN
OTOA	OTOA
OTUD6B	OTUD6B
OTUD7B	OTUD7B
OXCT1	OXCT1
OXT	OXT
P00167	CYB5A
P00325	ADH1B
P00352	ALDH1A1
P00390	GSR
P00441	SOD1
P00519	ABL1
P00533	EGFR
P00568	AK1
P00734	F2
P00736	C1R
P00740	F9
P00742	F10
P00746	CFD
P00747	PLG
P00748	F12
P00749	PLAU
P00750	PLAT
P00751	CFB
P00797	REN
P00813	ADA
P00915	CA1
P00918	CA2
P00966	ASS1
P00995	SPINK1
P01008	SERPINC1
P01009	SERPINA1
P01011	SERPINA3
P01019	AGT
P01024	C3
P01031	C5
P01033	TIMP1
P01034	CST3
P01037	CST1
P01100	FOS
P01112	HRAS
P01127	PDGFB
P01130	LDLR
P01133	EGF
P01135	TGFA
P01137	TGFB1
P01138	NGF
P01178	OXT
P01189	POMC
P01210	PENK
P01215	CGA
P01222	TSHB
P01225	FSHB
P01229	LHB
P01236	PRL
P01241	GH1
P01242	GH2
P01258	CALCA
P01266	TG
P01270	PTH
P01275	GCG
P01298	PPY
P01303	NPY
P01350	GAST
P01374	LTA
P01375	TNF
P01579	IFNG
P01583	IL1A
P01584	IL1B
P01588	EPO
P01589	IL2RA
P01591	JCHAIN
P01730	CD4
P01732	CD8A
P01833	PIGR
P01903	HLA-DRA
P02008	HBZ
P02144	MB
P02452	COL1A1
P02458	COL2A1
P02461	COL3A1
P02462	COL4A1
P02533	KRT14
P02647	APOA1
P02649	APOE
P02652	APOA2
P02654	APOC1
P02671	FGA
P02730	SLC4A1
P02743	APCS
P02745	C1QA
P02748	C9
P02749	APOH
P02750	LRG1
P02751	FN1
P02760	AMBP
P02763	ORM1
P02765	AHSG
P02766	TTR
P02771	AFP
P02774	GC
P02775	PPBP
P02776	PF4
P02778	CXCL10
P02786	TFRC
P02787	TF
P02818	BGLAP
P03372	ESR1
P03950	ANG
P03951	F11
P03952	KLKB1
P03956	MMP1
P04040	CAT
P04054	PLA2G1B
P04062	GBA
P04066	FUCA1
P04070	PROC
P04080	CSTB
P04083	ANXA1
P04085	PDGFA
P04090	RLN2
P04114	APOB
P04118	CLPS
P04141	CSF2
P04155	TFF1
P04179	SOD2
P04180	LCAT
P04183	TK1
P04196	HRG
P04216	THY1
P04217	A1BG
P04233	CD74
P04234	CD3D
P04275	VWF
P04278	SHBG
P04406	GAPDH
P04439	HLA-A
P04626	ERBB2
P04637	TP53
P04746	AMY2A
P04792	HSPB1
P04808	RLN1
P05000	IFNW1
P05026	ATP1B1
P05060	CHGB
P05067	APP
P05089	ARG1
P05090	APOD
P05091	ALDH2
P05107	ITGB2
P05112	IL4
P05113	IL5
P05121	SERPINE1
P05154	SERPINA5
P05155	SERPING1
P05156	CFI
P05160	F13B
P05164	MPO
P05187	ALPP
P05231	IL6
P05305	EDN1
P05362	ICAM1
P05412	JUN
P05413	FABP3
P05451	REG1A
P05452	CLEC3B
P05455	SSB
P05543	SERPINA7
P05546	SERPIND1
P05549	TFAP2A
P05556	ITGB1
P05783	KRT18
P05787	KRT8
P05937	CALB1
P05976	MYL1
P06127	CD5
P06132	UROD
P06213	INSR
P06276	BCHE
P06280	GLA
P06396	GSN
P06401	PGR
P06493	CDK1
P06681	C2
P06727	APOA4
P06729	CD2
P06730	EIF4E
P06731	CEACAM5
P06733	ENO1
P06734	FCER2
P06744	GPI
P06748	NPM1
P06753	TPM3
P06756	ITGAV
P06850	CRH
P06858	LPL
P06870	KLK1
P07093	SERPINE2
P07098	LIPF
P07108	DBI
P07148	FABP1
P07196	NEFL
P07204	THBD
P07225	PROS1
P07237	P4HB
P07288	KLK3
P07306	ASGR1
P07307	ASGR2
P07311	ACYP1
P07320	CRYGD
P07332	FES
P07333	CSF1R
P07339	CTSD
P07355	ANXA2
P07358	C8B
P07359	GP1BA
P07451	CA3
P07478	PRSS2
P07492	GRP
P07585	DCN
P07602	PSAP
P07711	CTSL
P07741	APRT
P07766	CD3E
P07858	CTSB
P07911	UMOD
P07942	LAMB1
P07947	YES1
P07948	LYN
P07949	RET
P07954	FH
P07992	ERCC1
P07998	RNASE1
P08069	IGF1R
P08118	MSMB
P08134	RHOC
P08138	NGFR
P08174	CD55
P08185	SERPINA6
P08217	CELA2A
P08236	GUSB
P08254	MMP3
P08263	GSTA1
P08294	SOD3
P08319	ADH4
P08397	HMBS
P08473	MME
P08519	LPA
P08571	CD14
P08575	PTPRC
P08579	SNRPB2
P08581	MET
P08582	MELTF
P08590	MYL3
P08603	CFH
P08648	ITGA5
P08651	NFIC
P08670	VIM
P08697	SERPINF2
P08700	IL3
P08709	F7
P08727	KRT19
P08758	ANXA5
P08833	IGFBP1
P08887	IL6R
P08908	HTR1A
P08913	ADRA2A
P08962	CD63
P09038	FGF2
P09093	CELA3A
P09104	ENO2
P09105	HBQ1
P09110	ACAA1
P09172	DBH
P09211	GSTP1
P09237	MMP7
P09238	MMP10
P09326	CD48
P09341	CXCL1
P09382	LGALS1
P09417	QDPR
P09455	RBP1
P09466	PAEP
P09467	FBP1
P09486	SPARC
P09496	CLTA
P09525	ANXA4
P09529	INHBB
P09543	CNP
P09564	CD7
P09601	HMOX1
P09603	CSF1
P09619	PDGFRB
P09668	CTSH
P09681	GIP
P09683	SCT
P09693	CD3G
P09758	TACSTD2
P09769	FGR
P09871	C1S
P09874	PARP1
P09914	IFIT1
P09919	CSF3
P09923	ALPI
P09958	FURIN
P09960	LTA4H
P0C7L1	SPINK8
P0C7M8	CLEC2L
P0C862	C1QTNF9
P0CG30	GSTT2B
P0CG37	CFC1
P0DJD7	PGA4
P0DKB5	TPBGL
P0DML2	CSH1
P0DMV8	HSPA1A
P0DN86	CGB3_CGB5_CGB8
P0DOY2	IGLC2
P0DPI2	GATD3
P0DUB6_P0DTE7_P0DTE8	AMY1A_AMY1B_AMY1C
P10070	GLI2
P10082	PYY
P10092	CALCB
P10109	FDX1
P10144	GZMB
P10145	CXCL8
P10147	CCL3
P10301	RRAS
P10398	ARAF
P10415	BCL2
P10451	SPP1
P10523	SAG
P10586	PTPRF
P10599	TXN
P10606	COX5B
P10636	MAPT
P10643	C7
P10644	PRKAR1A
P10645	CHGA
P10646	TFPI
P10721	KIT
P10746	UROS
P10747	CD28
P10767	FGF6
P10909	CLU
P10912	GHR
P11137	MAP2
P11215	ITGAM
P11226	MBL2
P11229	CHRM1
P11234	RALB
P11274	BCR
P11279	LAMP1
P11310	ACADM
P11387	TOP1
P11464	PSG1
P11487	FGF3
P11532	DMD
P11684	SCGB1A1
P11717	IGF2R
P12004	PCNA
P12034	FGF5
P12081	HARS1
P12104	FABP2
P12111	COL6A3
P12270	TPR
P12277	CKB
P12318	FCGR2A
P12319	FCER1A
P12429	ANXA3
P12532	CKMT1A_CKMT1B
P12544	GZMA
P12644	BMP4
P12724	RNASE3
P12821	ACE
P12829	MYL4
P12830	CDH1
P12872	MLN
P12931	SRC
P12955	PEPD
P13051	UNG
P13224	GP1BB
P13232	IL7
P13236	CCL4
P13284	IFI30
P13385	TDGF1
P13473	LAMP2
P13500	CCL2
P13501	CCL5
P13521	SCG2
P13591	NCAM1
P13598	ICAM2
P13611	VCAN
P13647	KRT5
P13667	PDIA4
P13686	ACP5
P13688	CEACAM1
P13693	TPT1
P13725	OSM
P13726	F3
P13727	PRG2
P13747	HLA-E
P13796	LCP1
P13807	GYS1
P13861	PRKAR2A
P13929	ENO3
P13987	CD59
P13995	MTHFD2
P14091	CTSE
P14136	GFAP
P14151	SELL
P14174	MIF
P14207	FOLR2
P14209	CD99
P14210	HGF
P14317	HCLS1
P14384	CPM
P14415	ATP1B2
P14543	NID1
P14555	PLA2G2A
P14625	HSP90B1
P14649	MYL6B
P14778	IL1R1
P14780	MMP9
P14784	IL2RB
P14854	COX6B1
P14868	DARS1
P14902	IDO1
P15018	LIF
P15085	CPA1
P15086	CPB1
P15090	FABP4
P15121	AKR1B1
P15144	ANPEP
P15151	PVR
P15248	IL9
P15260	IFNGR1
P15289	ARSA
P15291	B4GALT1
P15311	EZR
P15328	FOLR1
P15336	ATF2
P15502	ELN
P15509	CSF2RA
P15514	AREG
P15529	CD46
P15531	NME1
P15692	VEGFA
P15848	ARSB
P15907	ST6GAL1
P15927	RPA2
P16035	TIMP2
P16066	NPR1
P16109	SELP
P16112	ACAN
P16233	PNLIP
P16234	PDGFRA
P16278	GLB1
P16284	PECAM1
P16410	CTLA4
P16422	EPCAM
P16442	ABO
P16444	DPEP1
P16455	MGMT
P16562	CRISP2
P16581	SELE
P16671	CD36
P16860	NPPB
P16870	CPE
P16871	IL7R
P17050	NAGA
P17174	GOT1
P17181	IFNAR1
P17301	ITGA2
P17405	SMPD1
P17516	AKR1C4
P17538	CTRB1
P17568	NDUFB7
P17643	TYRP1
P17676	CEBPB
P17813	ENG
P17900	GM2A
P17927	CR1
P17931	LGALS3
P17936	IGFBP3
P17948	FLT1
P17980	PSMC3
P18031	PTPN1
P18065	IGFBP2
P18084	ITGB5
P18428	LBP
P18510	IL1RN
P18564	ITGB6
P18627	LAG3
P18754	RCC1
P18827	SDC1
P18848	ATF4
P19021	PAM
P19022	CDH2
P19075	TSPAN8
P19256	CD58
P19320	VCAM1
P19429	TNNI3
P19438	TNFRSF1A
P19440	GGT1
P19474	TRIM21
P19525	EIF2AK2
P19526	FUT1
P19801	AOC1
P19827	ITIH1
P19838	NFKB1
P19876	CXCL3
P19878	NCF2
P19883	FST
P19957	PI3
P19961	AMY2B
P19971	TYMP
P20023	CR2
P20042	EIF2S2
P20061	TCN1
P20062	TCN2
P20138	CD33
P20155	SPINK2
P20160	AZU1
P20273	CD22
P20333	TNFRSF1B
P20340	RAB6A
P20382	PMCH
P20472	PVALB
P20645	M6PR
P20700	LMNB1
P20701	ITGAL
P20702	ITGAX
P20711	DDC
P20718	GZMH
P20742	PZP
P20774	OGN
P20783	NTF3
P20807	CAPN3
P20809	IL11
P20823	HNF1A
P20827	EFNA1
P20849	COL9A1
P20851	C4BPB
P20908	COL5A1
P20916	MAG
P20929	NEB
P20936	RASA1
P21128	ENDOU
P21217_Q11128	FUT3_FUT5
P21246	PTN
P21549	AGXT
P21579	SYT1
P21583	KITLG
P21589	NT5E
P21673	SAT1
P21695	GPD1
P21709	EPHA1
P21741	MDK
P21754	ZP3
P21757	MSR1
P21781	FGF7
P21802	FGFR2
P21810	BGN
P21817	RYR1
P21854	CD72
P21860	ERBB3
P21912	SDHB
P21964	COMT
P21980	TGM2
P22004	BMP6
P22033	MMUT
P22079	LPO
P22102	GART
P22105	TNXB
P22223	CDH3
P22301	IL10
P22303	ACHE
P22304	IDS
P22307	SCP2
P22455	FGFR4
P22466	GAL
P22528	SPRR1B
P22676	CALB2
P22692	IGFBP4
P22748	CA4
P22749	GNLY
P22894	MMP8
P22897	MRC1
P23141	CES1
P23229	ITGA6
P23276	KEL
P23280	CA6
P23284	PPIB
P23327	HRC
P23381	WARS1
P23435	CBLN1
P23467	PTPRB
P23471	PTPRZ1
P23511	NFYA
P23515	OMG
P23526	AHCY
P23560	BDNF
P23582	NPPC
P23588	EIF4B
P23634	ATP2B4
P23743	DGKA
P23771	GATA3
P23919	DTYMK
P24001	IL32
P24071	FCAR
P24158	PRTN3
P24386	CHM
P24387	CRHBP
P24394	IL4R
P24530	EDNRB
P24592	IGFBP6
P24666	ACP1
P24821	TNC
P24864	CCNE1
P24928	POLR2A
P25092	GUCY2C
P25116	F2R
P25391	LAMA1
P25440	BRD2
P25445	FAS
P25490	YY1
P25685	DNAJB1
P25686	DNAJB2
P25774	CTSS
P25786	PSMA1
P25815	S100P
P25942	CD40
P26010	ITGB7
P26022	PTX3
P26378	ELAVL4
P26436	ACRV1
P26440	IVD
P26441	CNTF
P26447	S100A4
P26639	TARS1
P26715	KLRC1
P26718	KLRK1
P26842	CD27
P26927	MST1
P26951	IL3RA
P27169	PON1
P27348	YWHAQ
P27352	CBLIF
P27487	DPP4
P27540	ARNT
P27695	APEX1
P27701	CD82
P27918	CFP
P27930	IL1R2
P28222	HTR1B
P28325	CST5
P28799	GRN
P28827	PTPRM
P28838	LAP3
P28845	HSD11B1
P28906	CD34
P28907	CD38
P28908	TNFRSF8
P29017	CD1C
P29218	IMPA1
P29279	CCN2
P29317	EPHA2
P29350	PTPN6
P29353	SHC1
P29377	S100G
P29459_P29460	IL12A_IL12B
P29460	IL12B
P29466	CASP1
P29474	NOS3
P29475	NOS1
P29536	LMOD1
P29622	SERPINA4
P29692	EEF1D
P29965	CD40LG
P30039	PBLD
P30040	ERP29
P30041	PRDX6
P30043	BLVRB
P30044	PRDX5
P30046	DDT
P30047	GCHFR
P30048	PRDX3
P30049	ATP5F1D
P30084	ECHS1
P30086	PEBP1
P30101	PDIA3
P30203	CD6
P30260	CDC27
P30279	CCND2
P30304	CDC25A
P30405	PPIF
P30419	NMT1
P30519	HMOX2
P30530	AXL
P30533	LRPAP1
P30613	PKLR
P30740	SERPINB1
P30838	ALDH3A1
P31146	CORO1A
P31350	RRM2
P31371	FGF9
P31431	SDC4
P31483	TIA1
P31689	DNAJA1
P31751	AKT2
P31785	IL2RG
P31948	STIP1
P31949	S100A11
P31994	FCGR2B
P31997	CEACAM8
P32004	L1CAM
P32119	PRDX2
P32241	VIPR1
P32320	CDA
P32321	DCTD
P32455	GBP1
P32456	GBP2
P32926	DSG3
P32927	CSF2RB
P32942	ICAM3
P32970	CD70
P32971	TNFSF8
P33121	ACSL1
P33151	CDH5
P33241	LSP1
P33316	DUT
P33681	CD80
P33764	S100A3
P34096	RNASE4
P34130	NTF4
P34896	SHMT1
P34910	EVI2B
P34913	EPHX2
P34947	GRK5
P34949	MPI
P34998	CRHR1
P35052	GPC1
P35070	BTC
P35218	CA5A
P35219	CA8
P35221	CTNNA1
P35225	IL13
P35228	NOS2
P35237	SERPINB6
P35247	SFTPD
P35249	RFC4
P35318	ADM
P35442	THBS2
P35443	THBS4
P35475	IDUA
P35520	CBS
P35542	SAA4
P35556	FBN2
P35579	MYH9
P35590	TIE1
P35606	COPB2
P35609	ACTN2
P35611	ADD1
P35613	BSG
P35625	TIMP3
P35637	FUS
P35754	GLRX
P35813	PPM1A
P35914	HMGCL
P35916	FLT4
P35968	KDR
P36222	CHI3L1
P36269	GGT5
P36551	CPOX
P36776	LONP1
P36873	PPP1CC
P36888	FLT3
P36897	TGFBR1
P36941	LTBR
P36952	SERPINB5
P36955	SERPINF1
P36959	GMPR
P36980	CFHR2
P37023	ACVRL1
P37058	HSD17B3
P37108	SRP14
P37173	TGFBR2
P37235	HPCAL1
P37837	TALDO1
P37840	SNCA
P38484	IFNGR2
P38935	IGHMBP2
P38936	CDKN1A
P39059	COL15A1
P39060	COL18A1
P39748	FEN1
P39900	MMP12
P39905	GDNF
P40121	CAPG
P40189	IL6ST
P40197	GP5
P40198	CEACAM3
P40199	CEACAM6
P40222	TXLNA
P40225	THPO
P40259	CD79B
P40313	CTRL
P40818	USP8
P40925	MDH1
P40933	IL15
P41159	LEP
P41208	CETN2
P41217	CD200
P41218	MNDA
P41222	PTGDS
P41227	NAA10
P41236	PPP1R2
P41271	NBL1
P41273	TNFSF9
P41439	FOLR3
P41586	ADCYAP1R1
P41732	TSPAN7
P42081	CD86
P42331	ARHGAP25
P42574	CASP3
P42575	CASP2
P42658	DPP6
P42681	TXK
P42701	IL12RB1
P42702	LIFR
P42768	WAS
P42785	PRCP
P42830	CXCL5
P42892	ECE1
P43007	SLC1A4
P43121	MCAM
P43146	DCC
P43166	CA7
P43220	GLP1R
P43234	CTSO
P43251	BTD
P43320	CRYBB2
P43357	MAGEA3
P43378	PTPN9
P43487	RANBP1
P43489	TNFRSF4
P43490	NAMPT
P43627	KIR2DL2
P43628	KIR2DL3
P43629	KIR3DL1
P43630	KIR3DL2
P43632	KIR2DS4
P43652	AFM
P45452	MMP13
P45954	ACADSB
P45984	MAPK9
P46013	MKI67
P46060	RANGAP1
P46109	CRKL
P46379	BAG6
P46531	NOTCH1
P46783	RPS10
P46926	GNPDA1
P46937	YAP1
P47712	PLA2G4A
P47813	EIF1AX
P47874	OMP
P47928	ID4
P47929	LGALS7_LGALS7B
P47972	NPTX2
P47992	XCL1
P48023	FASLG
P48047	ATP5PO
P48052	CPA2
P48060	GLIPR1
P48061	CXCL12
P48165	GJA8
P48169	GABRA4
P48304	REG1B
P48307	TFPI2
P48357	LEPR
P48431	SOX2
P48436	SOX9
P48507	GCLM
P48546	GIPR
P48643	CCT5
P48668	KRT6C
P48730	CSNK1D
P48740	MASP1
P48745	CCN3
P48775	TDO2
P48960	ADGRE5
P49023	PXN
P49069	CAMLG
P49137	MAPKAPK2
P49223	SPINT3
P49354	FNTA
P49366	DHPS
P49441	INPP1
P49454	CENPF
P49593	PPM1F
P49662	CASP4
P49715	CEBPA
P49747	COMP
P49755	TMED10
P49756	RBM25
P49757	NUMB
P49763	PGF
P49765	VEGFB
P49767	VEGFC
P49771	FLT3LG
P49788	RARRES1
P49789	FHIT
P49792	RANBP2
P49862	KLK7
P49908	SELENOP
P4HB	P4HB
P50053	KHK
P50120	RBP2
P50135	HNMT
P50225	SULT1A1
P50452	SERPINB8
P50453	SERPINB9
P50454	SERPINH1
P50461	CSRP3
P50502	ST13
P50552	VASP
P50579	METAP2
P50583	NUDT2
P50591	TNFSF10
P50749	RASSF2
P50895	BCAM
P50897	PPT1
P50914	RPL14
P50995	ANXA11
P51161	FABP6
P51452	DUSP3
P51460	INSL3
P51511	MMP15
P51531	SMARCA2
P51580	TPMT
P51617	IRAK1
P51649	ALDH5A1
P51671	CCL11
P51687	SUOX
P51688	SGSH
P51692	STAT5B
P51693	APLP1
P51808	DYNLT3
P51815	ZNF75D
P51858	HDGF
P51888	PRELP
P51948	MNAT1
P52179	MYOM1
P52209	PGD
P52564	MAP2K6
P52630	STAT2
P52758	RIDA
P52788	SMS
P52789	HK2
P52798	EFNA4
P52799	EFNB2
P52823	STC1
P52848	NDST1
P52888	THOP1
P52943	CRIP2
P53367	ARFIP1
P53384	NUBP1
P53420	COL4A4
P53539	FOSB
P53582	METAP1
P53634	CTSC
P53674	CRYBB1
P53814	SMTN
P53985	SLC16A1
P53990	IST1
P54105	CLNS1A
P54108	CRISP3
P54252	ATXN3
P54274	TERF1
P54277	PMS1
P54284	CACNB3
P54296	MYOM2
P54315	PNLIPRP1
P54317	PNLIPRP2
P54577	YARS1
P54652	HSPA2
P54687	BCAT1
P54709	ATP1B3
P54727	RAD23B
P54760	EPHB4
P54764	EPHA4
P54819	AK2
P55000	SLURP1
P55008	AIF1
P55010	EIF5
P55011	SLC12A2
P55039	DRG2
P55058	PLTP
P55082	MFAP3
P55083	MFAP4
P55103	INHBC
P55145	MANF
P55210	CASP7
P55211	CASP9
P55259	GP2
P55273	CDKN2D
P55283	CDH4
P55285	CDH6
P55291	CDH15
P55769	SNU13
P55773	CCL23
P55774	CCL18
P55789	GFER
P55808	XG
P55809	OXCT1
P55957	BID
P56159	GFRA1
P56192	MARS1
P56279	TCL1A
P56470	LGALS4
P56645	PER3
P56851	EDDM3B
P57078	RIPK4
P57087	JAM2
P57771	RGS8
P58107	EPPK1
P58294	PROK1
P58417	NXPH1
P58499	FAM3B
P58546	MTPN
P59282	TPPP2
P59665	DEFA1_DEFA1B
P59780	AP3S2
P59901	LILRA4
P60484	PTEN
P60568	IL2
P60763	RAC3
P60880	SNAP25
P61026	RAB10
P61218	POLR2F
P61244	MAX
P61266	STX1B
P61328	FGF12
P61366	OSTN
P61457	PCBD1
P61764	STXBP1
P61769	B2M
P61812	TGFB2
P61916	NPC2
P61978	HNRNPK
P62072	TIMM10
P62166	NCS1
P62330	ARF6
P62736	ACTA2
P62760	VSNL1
P62834	RAP1A
P63010	AP2B1
P63098	PPP3R1
P63146	UBE2B
P63172	DYNLT1
P63211	GNGT1
P63241	EIF5A
P63313	TMSB10
P68106	FKBP1B
P68400	CSNK2A1
P78310	CXADR
P78317	RNF4
P78318	IGBP1
P78324	SIRPA
P78325	ADAM8
P78333	GPC5
P78352	DLG4
P78358	CTAG1A_CTAG1B
P78362	SRPK2
P78380	OLR1
P78395	PRAME
P78410	BTN3A2
P78423	CX3CL1
P78524	DENND2B
P78539	SRPX
P78540	ARG2
P78552	IL13RA1
P78556	CCL20
P78560	CRADD
P80075	CCL8
P80098	CCL7
P80162	CXCL6
P80188	LCN2
P80303	NUCB2
P80370	DLK1
P80511	S100A12
P81534	DEFB103A_DEFB103B
P82980	RBP5
P84022	SMAD3
P85299	PRR5
P98073	TMPRSS15
P98082	DAB2
P98095	FBLN2
P98160	HSPG2
P98161	PKD1
P98164	LRP2
P98170	XIAP
PACAP.7780.34.3	PACAP
PACS2	PACS2
PADI2	PADI2
PADI4	PADI4
PAEP	PAEP
PAFAH1B3	PAFAH1B3
PAFAH2	PAFAH2
PAG1	PAG1
PAIP2B	PAIP2B
PAK4	PAK4
PAK7.3388.58.2	PAK7
PALLD	PALLD
PALM	PALM
PALM2	PALM2
PALM3	PALM3
PAM	PAM
PAMR1	PAMR1
PANK3.12658.72.3	PANK3
PAPPA	PAPPA
PARD3	PARD3
PARK7.5016.61.2	PARK7
PARP1	PARP1
PBK	PBK
PBLD	PBLD
PBXIP1	PBXIP1
PCARE	PCARE
PCBD1	PCBD1
PCBD2.6899.37.3	PCBD2
PCDH1	PCDH1
PCDH12	PCDH12
PCDH17	PCDH17
PCDH9	PCDH9
PCDHB15	PCDHB15
PCNA	PCNA
PCOLCE.11237.49.3	PCOLCE
PCSK7	PCSK7
PCSK9	PCSK9
PCYT2	PCYT2
PDAP1	PDAP1
PDCD1	PDCD1
PDCD1LG2	PDCD1LG2
PDCD5	PDCD5
PDCD6	PDCD6
PDCL2	PDCL2
PDE1C	PDE1C
PDE4D	PDE4D
PDE5A	PDE5A
PDGFA	PDGFA
PDGFB	PDGFB
PDGFC	PDGFC
PDGFRA	PDGFRA
PDGFRB	PDGFRB
PDIA2	PDIA2
PDIA3	PDIA3
PDIA4	PDIA4
PDIA5	PDIA5
PDLIM4.12387.7.3	PDLIM4
PDLIM5	PDLIM5
PDLIM7	PDLIM7
PDP1	PDP1
PDRG1	PDRG1
PDXDC1	PDXDC1
PDZD2	PDZD2
PDZK1	PDZK1
PEAR1	PEAR1
PEAR1.8275.31.3	PEAR1
PEBP1	PEBP1
PECAM1	PECAM1
PENK	PENK
PENK.9076.25.3	PENK
PEPD	PEPD
PER3	PER3
PEX14.8300.82.3	PEX14
PF4	PF4
PF4V1.5663.18.3	PF4V1
PFDN2	PFDN2
PFDN4	PFDN4
PFDN6	PFDN6
PFKFB2	PFKFB2
PGA4	PGA4
PGD	PGD
PGF	PGF
PGLYRP1	PGLYRP1
PGLYRP2	PGLYRP2
PGLYRP4	PGLYRP4
PGM2	PGM2
PGR	PGR
PGRMC1.7863.50.3	PGRMC1
PHACTR2	PHACTR2
PHLDB1	PHLDB1
PHLDB2	PHLDB2
PHOSPHO1	PHOSPHO1
PHYKPL	PHYKPL
PI16	PI16
PI3	PI3
PIANP.14114.18.3	PIANP
PIGR	PIGR
PIGR.3216.2.2	PIGR
PIK3AP1	PIK3AP1
PIK3IP1	PIK3IP1
PIKFYVE	PIKFYVE
PILRA	PILRA
PILRA.8683.119.3	PILRA
PILRB	PILRB
PINLYP	PINLYP
PITHD1	PITHD1
PKD1	PKD1
PKLR	PKLR
PKN3	PKN3
PLA2G10	PLA2G10
PLA2G12B.9380.2.3	PLA2G12B
PLA2G15	PLA2G15
PLA2G1B	PLA2G1B
PLA2G2A	PLA2G2A
PLA2G2A.2692.74.2	PLA2G2A
PLA2G4A	PLA2G4A
PLA2G7	PLA2G7
PLAT	PLAT
PLAU	PLAU
PLAUR	PLAUR
PLB1	PLB1
PLBD1.6315.58.3	PLBD1
PLCB1	PLCB1
PLCB2	PLCB2
PLEKHA7.12731.12.3	PLEKHA7
PLEKHO1	PLEKHO1
PLG	PLG
PLIN1	PLIN1
PLIN3	PLIN3
PLOD2.6923.1.3	PLOD2
PLPBP	PLPBP
PLSCR3	PLSCR3
PLTP	PLTP
PLXDC1	PLXDC1
PLXNA1.9005.16.3	PLXNA1
PLXNA4	PLXNA4
PLXNB2	PLXNB2
PLXNB2.9216.100.3	PLXNB2
PLXNB3	PLXNB3
PM20D1	PM20D1
PMCH	PMCH
PMM2	PMM2
PMS1	PMS1
PMVK	PMVK
PNLIP	PNLIP
PNLIPRP1	PNLIPRP1
PNLIPRP2	PNLIPRP2
PNMA2	PNMA2
PNPT1	PNPT1
PODXL	PODXL
PODXL2	PODXL2
POF1B	POF1B
POFUT2.6042.52.3	POFUT2
POLR2A	POLR2A
POLR2F	POLR2F
POMC	POMC
PON1	PON1
PON2	PON2
PON3	PON3
POSTN	POSTN
PPBP	PPBP
PPCDC	PPCDC
PPCDC.13996.16.3	PPCDC
PPIB	PPIB
PPIE	PPIE
PPIF	PPIF
PPL	PPL
PPM1A	PPM1A
PPM1B	PPM1B
PPM1L.7187.3.3	PPM1L
PPME1	PPME1
PPP1CC	PPP1CC
PPP1R12A	PPP1R12A
PPP1R14A	PPP1R14A
PPP1R14D	PPP1R14D
PPP1R2	PPP1R2
PPP1R9B	PPP1R9B
PPP2R5A	PPP2R5A
PPP3R1	PPP3R1
PPT1	PPT1
PPY	PPY
PPY.4588.1.2	PPY
PQBP1	PQBP1
PRAME	PRAME
PRAP1	PRAP1
PRC1	PRC1
PRCP	PRCP
PRCP.5722.78.3	PRCP
PRDX1	PRDX1
PRDX3	PRDX3
PRDX5	PRDX5
PRDX6	PRDX6
PREB	PREB
PRELP	PRELP
PRG2	PRG2
PRG3	PRG3
PRG3.9015.1.3	PRG3
PRKAB1	PRKAB1
PRKAG3	PRKAG3
PRKAR1A	PRKAR1A
PRKCQ	PRKCQ
PRKCZ.2645.54.1	PRKCZ
PRKD2	PRKD2
PRKG1	PRKG1
PRKRA	PRKRA
PRL	PRL
PRL.2585.2.5	PRL
PRLH.6543.182.3	PRLH
PRND	PRND
PROC	PROC
PROCR	PROCR
PROK1	PROK1
PROS1	PROS1
PRR4	PRR4
PRRT3	PRRT3
PRSS1.3049.61.2	PRSS1
PRSS2	PRSS2
PRSS22	PRSS22
PRSS22.4534.10.2	PRSS22
PRSS27	PRSS27
PRSS3.3479.71.2	PRSS3
PRSS53	PRSS53
PRSS8	PRSS8
PRTFDC1	PRTFDC1
PRTG	PRTG
PRTN3	PRTN3
PRTN3.13720.95.3	PRTN3
PRUNE2	PRUNE2
PSAP	PSAP
PSAPL1	PSAPL1
PSCA	PSCA
PSD.13055.53.3	PSD
PSG1	PSG1
PSG11.7846.44.3	PSG11
PSG2.6405.74.3	PSG2
PSIP1	PSIP1
PSMA1	PSMA1
PSMB5.12580.7.3	PSMB5
PSMC3	PSMC3
PSMD1	PSMD1
PSMD5	PSMD5
PSMD9	PSMD9
PSME1	PSME1
PSME2	PSME2
PSMG3	PSMG3
PSMG4	PSMG4
PSPN	PSPN
PSTPIP2	PSTPIP2
PTEN	PTEN
PTGDS	PTGDS
PTGDS.10514.5.3	PTGDS
PTGES2	PTGES2
PTGR1	PTGR1
PTH	PTH
PTH1R	PTH1R
PTH1R.13470.43.3	PTH1R
PTK7	PTK7
PTN	PTN
PTN.3045.72.2	PTN
PTPN1	PTPN1
PTPN11.3397.7.4	PTPN11
PTPN6	PTPN6
PTPN9	PTPN9
PTPRB	PTPRB
PTPRC	PTPRC
PTPRD.9296.15.3	PTPRD
PTPRF	PTPRF
PTPRH	PTPRH
PTPRH.11988.24.3	PTPRH
PTPRJ.8250.2.3	PTPRJ
PTPRK	PTPRK
PTPRM	PTPRM
PTPRN2	PTPRN2
PTPRR	PTPRR
PTPRR.6361.49.3	PTPRR
PTPRS	PTPRS
PTPRZ1	PTPRZ1
PTRHD1	PTRHD1
PTS	PTS
PTS.12014.19.3	PTS
PTTG1	PTTG1
PTX3	PTX3
PVALB	PVALB
PVR	PVR
PXDNL	PXDNL
PXN	PXN
PYDC1	PYDC1
PYY	PYY
PZP	PZP
Q00653	NFKB2
Q00722	PLCB2
Q00796	SORD
Q00872	MYBPC1
Q00994	BEX3
Q01151	CD83
Q01201	RELB
Q01344	IL5RA
Q01432	AMPD3
Q01459	CTBS
Q01469	FABP5
Q01484	ANK2
Q01543	FLI1
Q01581	HMGCS1
Q01638	IL1RL1
Q01780	EXOSC10
Q01826	SATB1
Q01973	ROR1
Q02083	NAAA
Q02127	DHODH
Q02223	TNFRSF17
Q02246	CNTN2
Q02487	DSC2
Q02641	CACNB1
Q02643	GHRHR
Q02742	GCNT1
Q02747	GUCA2A
Q02750	MAP2K1
Q02763	TEK
Q02790	FKBP4
Q02817	MUC2
Q02880	TOP2B
Q02952	AKAP12
Q03013	GSTM4
Q03014	HHEX
Q03111	MLLT1
Q03154	ACY1
Q03167	TGFBR3
Q03169	TNFAIP2
Q03252	LMNB2
Q03393	PTS
Q03403	TFF2
Q03405	PLAUR
Q03426	MVK
Q03431	PTH1R
Q03518	TAP1
Q03721	KCNC4
Q04323	UBXN1
Q04609	FOLH1
Q04637	EIF4G1
Q04695	KRT17
Q04721	NOTCH2
Q04756	HGFAC
Q04759	PRKCQ
Q04760	GLO1
Q04837	SSBP1
Q04900	CD164
Q05084	ICA1
Q05193	DNM1
Q05315	CLC
Q05329	GAD2
Q05516	ZBTB16
Q06033	ITIH3
Q06141	REG3A
Q06323	PSME1
Q06418	TYRO3
Q06520	SULT2A1
Q06609	RAD51
Q06643	LTB
Q06787	FMR1
Q06830	PRDX1
Q07011	TNFRSF9
Q07021	C1QBP
Q07065	CKAP4
Q07075	ENPEP
Q07108	CD69
Q07325	CXCL9
Q07507	DPT
Q07617	SPAG1
Q07654	TFF3
Q07812	BAX
Q07817	BCL2L1
Q07954	LRP1
Q07960	ARHGAP1
Q07973	CYP24A1
Q08174	PCDH1
Q08334	IL10RB
Q08345	DDR1
Q08378	GOLGA3
Q08380	LGALS3BP
Q08431	MFGE8
Q08499	PDE4D
Q08629	SPOCK1
Q08708	CD300C
Q08830	FGL1
Q08AG7	MZT1
Q09472	EP300
Q09666	AHNAK
Q0P6D2	DIPK1C
Q0VD83	APOBR
Q0VDD7	BRME1
Q0Z7S8	FABP9
Q0ZGT2	NEXN
Q10471	GALNT2
Q10571	MN1
Q10587	TEF
Q10588	BST1
Q10589	BST2
Q11201	ST3GAL1
Q12765	SCRN1
Q12774	ARHGEF5
Q12778	FOXO1
Q12794	HYAL1
Q12805	EFEMP1
Q12809	KCNH2
Q12836	ZP4
Q12841	FSTL1
Q12846	STX4
Q12849	GRSF1
Q12860	CNTN1
Q12864	CDH17
Q12866	MERTK
Q12884	FAP
Q12888	TP53BP1
Q12899	TRIM26
Q12912	IRAG2
Q12918	KLRB1
Q12933	TRAF2
Q12968	NFATC3
Q12982	BNIP2
Q12986	NFX1
Q13002	GRIK2
Q13007	IL24
Q13017	ARHGAP5
Q13043	STK4
Q13084	MRPL28
Q13087	PDIA2
Q13093	PLA2G7
Q13105	ZBTB17
Q13114-2	TRAF3
Q13127	REST
Q13137	CALCOCO2
Q13145	BAMBI
Q13158	FADD
Q13190	STX5
Q13219	PAPPA
Q13224	GRIN2B
Q13231	CHIT1
Q13232	NME3
Q13241	KLRD1
Q13261	IL15RA
Q13275	SEMA3F
Q13277	STX3
Q13287	NMI
Q13291	SLAMF1
Q13296	SCGB2A2
Q13308	PTK7
Q13316	DMP1
Q13332	PTPRS
Q13361	MFAP5
Q13410	BTN1A1
Q13421	MSLN
Q13426	XRCC4
Q13428	TCOF1
Q13442	PDAP1
Q13443	ADAM9
Q13444	ADAM15
Q13445	TMED1
Q13451	FKBP5
Q13459	MYO9B
Q13478	IL18R1
Q13490	BIRC2
Q13503	MED21
Q13508	ART3
Q13509	TUBB3
Q13510	ASAH1
Q13541	EIF4EBP1
Q13561	DCTN2
Q13563	PKD2
Q13574	DGKZ
Q13576	IQGAP2
Q13651	IL10RA
Q13740	ALCAM
Q13790	APOF
Q13822	ENPP2
Q13867	BLMH
Q13936	CACNA1C
Q13938	CAPS
Q13972	RASGRF1
Q13976	PRKG1
Q14005	IL16
Q14011	CIRBP
Q14055	COL9A2
Q14088	RAB33A
Q14108	SCARB2
Q14112	NID2
Q14116	IL18
Q14118	DAG1
Q14123	PDE1C
Q14126	DSG2
Q14129	DGCR6
Q14149	MORC3
Q14151	SAFB2
Q14160	SCRIB
Q14162	SCARF1
Q14184	DOC2B
Q14197	MRPL58
Q14203	DCTN1
Q14204	DYNC1H1
Q14210	LY6D
Q14213_Q8NEV9	EBI3_IL27
Q14241	ELOA
Q14242	SELPLG
Q14246	ADGRE1
Q14258	TRIM25
Q14324	MYBPC2
Q14353	GAMT
Q14393	GAS6
Q14435	GALNT3
Q14457	BECN1
Q14508	WFDC2
Q14511	NEDD9
Q14512	FGFBP1
Q14515	SPARCL1
Q14554	PDIA5
Q14624	ITIH4
Q14627	IL13RA2
Q14641	INSL4
Q14643	ITPR1
Q14674	ESPL1
Q14677	CLINT1
Q14696	MESD
Q14739	LBR
Q14767	LTBP2
Q14773	ICAM4
Q14781	CBX2
Q14790	CASP8
Q14807	KIF22
Q14894	CRYM
Q14914	PTGR1
Q14956	GPNMB
Q14BN4	SLMAP
Q15014	MORF4L2
Q15018	ABRAXAS2
Q15025	TNIP1
Q15042	RAB3GAP1
Q15043	SLC39A14
Q15059	BRD3
Q15063	POSTN
Q15067	ACOX1
Q15102	PAFAH1B3
Q15109	AGER
Q15113	PCOLCE
Q15116	PDCD1
Q15126	PMVK
Q15155	NOMO1
Q15165	PON2
Q15166	PON3
Q15172	PPP2R5A
Q15223	NECTIN1
Q15256	PTPRR
Q15262	PTPRK
Q15276	RABEP1
Q15303	ERBB4
Q15366	PCBP2
Q15370	ELOB
Q15388	TOMM20
Q15389	ANGPT1
Q15398	DLGAP5
Q15399	TLR1
Q15427	SF3B4
Q15465	SHH
Q15477	SKIV2L
Q15485	FCN2
Q15517	CDSN
Q15582	TGFBI
Q15599	SLC9A3R2
Q15633	TARBP2
Q15652	JMJD1C
Q15661	TPSAB1
Q15697	ZNF174
Q15714	TSC22D1
Q15735	INPP5J
Q15762	CD226
Q15796	SMAD2
Q15797	SMAD1
Q15814	TBCC
Q15818	NPTX1
Q15828	CST6
Q15831	STK11
Q15846	CLUL1
Q15848	ADIPOQ
Q16181	SEPTIN7
Q16206	ENOX2
Q16270	IGFBP7
Q16288	NTRK3
Q16363	LAMA4
Q16378	PRR4
Q16401	PSMD5
Q16520	BATF
Q16543	CDC37
Q16549	PCSK7
Q16552	IL17A
Q16595	FXN
Q16610	ECM1
Q16619	CTF1
Q16620	NTRK2
Q16621	NFE2
Q16625	OCLN
Q16627	CCL14
Q16643	DBN1
Q16650	TBR1
Q16651	PRSS8
Q16653	MOG
Q16663	CCL15
Q16665	HIF1A
Q16674	MIA
Q16698	DECR1
Q16718	NDUFA5
Q16719	KYNU
Q16740	CLPP
Q16762	TST
Q16769	QPCT
Q16772	GSTA3
Q16773	KYAT1
Q16774	GUK1
Q16775	HAGH
Q16790	CA9
Q16819	MEP1A
Q16820	MEP1B
Q16836	HADH
Q16853	AOC3
Q16864	ATP6V1F
Q16881	TXNRD1
Q16891	IMMT
Q17R60	IMPG1
Q17RW2	COL24A1
Q19T08	ECSCR
Q24JP5	TMEM132A
Q29980_Q29983	MICB_MICA
Q2L4Q9	PRSS53
Q2M296	MTHFSD
Q2M3V2	SOWAHA
Q2MKA7	RSPO1
Q2TAL6	VWC2
Q2UY09	COL28A1
Q2VWP7	PRTG
Q2WEN9	CEACAM16
Q30KQ4	DEFB116
Q32MZ4	LRRFIP1
Q3B7J2	GFOD2
Q3KPI0	CEACAM21
Q3MIW9	MUCL3
Q3SXY8	ARL13B
Q495A1	TIGIT
Q496F6	CD300E
Q49A26	GLYR1
Q49AH0	CDNF
Q4KMG0	CDON
Q4LE39	ARID4B
Q4VC05	BCL7A
Q4VCS5	AMOT
Q4ZHG4	FNDC1
Q53EL9	SEZ6
Q53FA7	TP53I3
Q53GD3	SLC44A4
Q53GL0	PLEKHO1
Q53H47	SETMAR
Q53H82	LACTB2
Q53T59	HS1BP3
Q587J8	KHDC3L
Q58EX2	SDK2
Q58F21	BRDT
Q5F1R6	DNAJC21
Q5FWE3	PRRT3
Q5GAN6	RNASE10
Q5JS37	NHLRC3
Q5JS54	PSMG4
Q5JSP0	FGD3
Q5JTD0	TJAP1
Q5JTV8	TOR1AIP1
Q5JZY3	EPHA10
Q5KU26	COLEC12
Q5QGZ9	CLEC12A
Q5R372	RABGAP1L
Q5SW79	CEP170
Q5SW96	LDLRAP1
Q5SXM8	DNLZ
Q5T2D2	TREML2
Q5T2W1	PDZK1
Q5T4W7	ARTN
Q5T5Y3	CAMSAP1
Q5T848	GPR158
Q5T871	LELP1
Q5TA50	CPTP
Q5TBC7	BCL2L15
Q5TDH0	DDI2
Q5U5Z8	AGBL2
Q5VIR6	VPS53
Q5VSG8	MANEAL
Q5VT06	CEP350
Q5VT99	LRRC38
Q5VTT5	MYOM3
Q5VUJ9	EFCAB2
Q5VV43	KIAA0319
Q5VVQ6	YOD1
Q5VX71	SUSD4
Q5VY43	PEAR1
Q5W0V3	FHIP2A
Q5ZPR3	CD276
Q63HQ2	EGFLAM
Q674X7	KAZN
Q676U5	ATG16L1
Q687X5	STEAP4
Q68D85	NCR3LG1
Q68DV7	RNF43
Q68J44	DUSP29
Q6B8I1	DUSP13
Q6B9Z1	IGFL4
Q6BAA4	FCRLB
Q6BCY4	CYB5R2
Q6DN72	FCRL6
Q6EBC2	IL31
Q6EIG7	CLEC6A
Q6EMK4	VASN
Q6FHJ7	SFRP4
Q6FI81	CIAPIN1
Q6GMV3	PTRHD1
Q6GQQ9	OTUD7B
Q6GTS8	PM20D1
Q6GTX8	LAIR1
Q6H9L7	ISM2
Q6IBS0	TWF2
Q6ISS4	LAIR2
Q6N021	TET2
Q6NT46	GAGE2A
Q6NUJ1	PSAPL1
Q6NUS6	TCTN3
Q6NW40	RGMB
Q6NXT1	ANKRD54
Q6NZY4	ZCCHC8
Q6P1J6	PLB1
Q6P1M0	SLC27A4
Q6P1N0	CC2D1A
Q6P2H3	CEP85
Q6P4E1	GOLM2
Q6P4F2	FDX2
Q6P589	TNFAIP8L2
Q6P5Q4	LMOD2
Q6P5S2	LEG1
Q6P5Z2	PKN3
Q6P995	FAM171B
Q6P996	PDXDC1
Q6P9F5	TRIM40
Q6PCB0	VWA1
Q6PGN9	PSRC1
Q6PH85	DCUN1D2
Q6PI73	LILRA6
Q6PIL6	KCNIP4
Q6PJW8	CNST
Q6PKG0	LARP1
Q6PKH6	DHRS4L2
Q6PL24	TMED8
Q6PUV4	CPLX2
Q6QEF8	CORO6
Q6QNK2	ADGRD1
Q6QNY0	BLOC1S3
Q6QNY1	BLOC1S2
Q6R327	RICTOR
Q6UB28	METAP1D
Q6UVK1	CSPG4
Q6UW15	REG3G
Q6UW49	SPESP1
Q6UW56	ATRAID
Q6UW88	EPGN
Q6UWF7	NXPE4
Q6UWJ8	CD164L2
Q6UWK7	GPR15L
Q6UWL2	SUSD1
Q6UWL6	KIRREL2
Q6UWN8	SPINK6
Q6UWP8	SBSN
Q6UWR7	ENPP6
Q6UWV6	ENPP7
Q6UWW0	LCN15
Q6UWW8	CES3
Q6UX06	OLFM4
Q6UX15	LAYN
Q6UX27	VSTM1
Q6UX71	PLXDC2
Q6UX82	LYPD8
Q6UXB2	CXCL17
Q6UXB4	CLEC4G
Q6UXB8	PI16
Q6UXC1	MAMDC4
Q6UXD5	SEZ6L2
Q6UXG3	CD300LG
Q6UXH1	CRELD2
Q6UXH9	PAMR1
Q6UXI7	VIT
Q6UXK2	ISLR2
Q6UXK5	LRRN1
Q6UXL0	IL20RB
Q6UXM1	LRIG3
Q6UXV0	GFRAL
Q6UXZ4	UNC5D
Q6UY09	CEACAM20
Q6UY14	ADAMTSL4
Q6WCQ1	MPRIP
Q6WN34	CHRDL2
Q6XQN6	NAPRT
Q6XZF7	DNMBP
Q6Y7W6	GIGYF2
Q6YHK3	CD109
Q6YN16	HSDL2
Q6ZMC9	SIGLEC15
Q6ZMH5	SLC39A5
Q6ZMJ2	SCARA5
Q6ZMJ4	IL34
Q6ZMM2	ADAMTSL5
Q6ZN66	GBP6
Q6ZRY4	RBPMS2
Q6ZUJ8	PIK3AP1
Q6ZUT3	FRMD7
Q6ZVL6	KIAA1549L
Q6ZVM7	TOM1L2
Q6ZVN8	HJV
Q765P7	MTSS2
Q76LX8	ADAMTS13
Q76M96	CCDC80
Q7KYR7	BTN2A1
Q7L0J3	SV2A
Q7L266	ASRGL1
Q7L311	ARMCX2
Q7L5N7	LPCAT2
Q7L5Y9	MAEA
Q7L8A9	VASH1
Q7LG56	RRM2B
Q7RTW8	OTOA
Q7Z304	MAMDC2
Q7Z3D4	LYSMD3
Q7Z434	MAVS
Q7Z460	CLASP1
Q7Z4H3	HDDC2
Q7Z4V5	HDGFL2
Q7Z4W1	DCXR
Q7Z4W2	LYZL2
Q7Z569	BRAP
Q7Z5A7	TAFA5
Q7Z5L0	VMO1
Q7Z5L3	C1QL2
Q7Z5R6	APBB1IP
Q7Z692	CEACAM19
Q7Z698	SPRED2
Q7Z6A9	BTLA
Q7Z6I6	ARHGAP30
Q7Z6M1	RABEPK
Q7Z6M3	MILR1
Q7Z6P3	RAB44
Q7Z739	YTHDF3
Q7Z7D3	VTCN1
Q7Z7H5	TMED4
Q7Z7K0	CMC1
Q7Z7M9	GALNT5
Q86SF2	GALNT7
Q86SJ2	AMIGO2
Q86SJ6	DSG4
Q86SQ0	PHLDB2
Q86SQ7	SDCCAG8
Q86SR1	GALNT10
Q86SX6	GLRX5
Q86T13	CLEC14A
Q86T26	TMPRSS11B
Q86TE4	LUZP2
Q86TH1	ADAMTSL2
Q86TM3	DDX53
Q86TS9	MRPL52
Q86U17	SERPINA11
Q86UE4	MTDH
Q86UP6	CUZD1
Q86UU1	PHLDB1
Q86UW2	SLC51B
Q86UW9	DTX2
Q86UX2	ITIH5
Q86VB7	CD163
Q86VP1	TAX1BP1
Q86VP3	PACS2
Q86VR7	VSIG10L
Q86VW0	SESTD1
Q86VZ4	LRP11
Q86WD7	SERPINA9
Q86WK6	AMIGO1
Q86WV1	SKAP1
Q86X76	NIT1
Q86YD3	TMEM25
Q86YW5	TREML1
Q86Z14	KLB
Q8IU54	IFNL1
Q8IU57	IFNLR1
Q8IUK5	PLXDC1
Q8IUN9	CLEC10A
Q8IUZ5	PHYKPL
Q8IV16	GPIHBP1
Q8IV38	ANKMY2
Q8IV48	ERI1
Q8IVF2	AHNAK2
Q8IVG5	SAMD9L
Q8IVM0	CCDC50
Q8IVU1	IGDCC3
Q8IW75	SERPINA12
Q8IWB1	ITPRIP
Q8IWL1	SFTPA2
Q8IWL2	SFTPA1
Q8IWP9	CCDC28A
Q8IWQ3	BRSK2
Q8IWT1	SCN4B
Q8IWV2	CNTN4
Q8IWY9	CDAN1
Q8IWZ8	SUGP1
Q8IX05	CD302
Q8IX19	MCEMP1
Q8IXJ6	SIRT2
Q8IXM2	BAP18
Q8IXQ3	C9orf40
Q8IXS6	PALM2
Q8IY22	CMIP
Q8IY31	IFT20
Q8IY33	MICALL2
Q8IYS2	KIAA2013
Q8IYS5	OSCAR
Q8IYV9	IZUMO1
Q8IYW5	RNF168
Q8IZC4	RTKN2
Q8IZF2	ADGRF5
Q8IZJ0	IFNL2
Q8IZP9	ADGRG2
Q8N0X7	SPART
Q8N0Z9	VSIG10
Q8N111	CEND1
Q8N114	SHISA5
Q8N129	CNPY4
Q8N130	SLC34A3
Q8N149	LILRA2
Q8N163	CCAR2
Q8N1Q1	CA13
Q8N2G4	LYPD1
Q8N2Q7	NLGN1
Q8N386	LRRC25
Q8N423	LILRB2
Q8N436	CPXM2
Q8N474	SFRP1
Q8N4C8	MINK1
Q8N4E4	PDCL2
Q8N4F0	BPIFB2
Q8N556	AFAP1
Q8N5J2	MINDY1
Q8N5S9	CAMKK1
Q8N608	DPP10
Q8N668	COMMD1
Q8N6C8	LILRA3
Q8N6M0	OTUD6B
Q8N6P7	IL22RA1
Q8N6Q1	TMCO5A
Q8N6Q3	CD177
Q8N8E3	CEP112
Q8N8R5	C2orf69
Q8N8S7	ENAH
Q8N8U9	BMPER
Q8N907	DAND5
Q8N967	LRTM2
Q8N9I9	DTX3
Q8NBI3	DRAXIN
Q8NBJ7	SUMF2
Q8NBK3	SUMF1
Q8NBP7	PCSK9
Q8NBS9	TXNDC5
Q8NBZ7	UXS1
Q8NC01	CLEC1A
Q8NC42	RNF149
Q8NCC3	PLA2G15
Q8ND71	GIMAP8
Q8ND90	PNMA1
Q8NDA2	HMCN2
Q8NDB2	BANK1
Q8NDC4	MORN4
Q8NDI1	EHBP1
Q8NEB7	ACRBP
Q8NET8	TRPV3
Q8NEU8	APPL2
Q8NEZ2	VPS37A
Q8NFL0	B3GNT7
Q8NFP4	MDGA1
Q8NFP7	NUDT10
Q8NFT8	DNER
Q8NFZ4	NLGN2
Q8NG06	TRIM58
Q8NHJ6	LILRB4
Q8NHL6	LILRB1
Q8NHP1	AKR7L
Q8NHS0	DNAJB8
Q8NHV1	GIMAP7
Q8NHZ8	CDC26
Q8NI17	IL31RA
Q8NI22	MCFD2
Q8TAD2	IL17D
Q8TAE8	GADD45GIP1
Q8TAT2	FGFBP3
Q8TBM8	DNAJB14
Q8TC05	MDM1
Q8TCD5	NT5C
Q8TCS8	PNPT1
Q8TCT1	PHOSPHO1
Q8TCU4	ALMS1
Q8TCZ2	CD99L2
Q8TD06	AGR3
Q8TD46	CD200R1
Q8TDL5	BPIFB1
Q8TDQ0	HAVCR2
Q8TDQ1	CD300LF
Q8TDQ7	GNPDA2
Q8TDX7	NEK7
Q8TDY8	IGDCC4
Q8TE57	ADAMTS16
Q8TE58	ADAMTS15
Q8TE77	SSH3
Q8TEA8	DTD1
Q8TER0	SNED1
Q8TEU8	WFIKKN2
Q8TEW0	PARD3
Q8TF64	GIPC3
Q8TF65	GIPC2
Q8WTQ1	DEFB104A_DEFB104B
Q8WTT0	CLEC4C
Q8WTU2	SSC4D
Q8WTV0	SCARB1
Q8WU39	MZB1
Q8WUD1	RAB2B
Q8WUF8	FAM172A
Q8WUW1	BRK1
Q8WUX2	CHAC2
Q8WUY3	PRUNE2
Q8WV07	LTO1
Q8WV28	BLNK
Q8WV92	MITD1
Q8WVC0	LEO1
Q8WVQ1	CANT1
Q8WVV4	POF1B
Q8WW22	DNAJA4
Q8WWF5	ZNRF4
Q8WWM7	ATXN2L
Q8WWN9	IPCEF1
Q8WWQ8	STAB2
Q8WWU5	TCP11
Q8WWV3	RTN4IP1
Q8WWV6	FCAMR
Q8WWY7	WFDC12
Q8WX77	IGFBPL1
Q8WX93	PALLD
Q8WXC3	PYDC1
Q8WXD2	SCG3
Q8WXG9	ADGRV1
Q8WXI7	MUC16
Q8WXI8	CLEC4D
Q8WXW3-4	PIBF1
Q8WXX5	DNAJC9
Q8WYN0	ATG4A
Q8WYQ3	CHCHD10
Q8WZ42	TTN
Q8WZ55	BSND
Q8WZ75	ROBO4
Q92185	ST8SIA1
Q92484	SMPDL3A
Q92485	SMPDL3B
Q92496	CFHR4
Q92499	DDX1
Q92520	FAM3C
Q92558	WASF1
Q92574	TSC1
Q92583	CCL17
Q92597	NDRG1
Q92599	SEPTIN8
Q92609	TBC1D5
Q92619	ARHGAP45
Q92686	NRGN
Q92692	NECTIN2
Q92752	TNR
Q92765	FRZB
Q92783	STAM
Q92817	EVPL
Q92820	GGH
Q92823	NRCAM
Q92832	NELL1
Q92834	RPGR
Q92835	INPP5D
Q92844	TANK
Q92851	CASP10
Q92854	SEMA4D
Q92859	NEO1
Q92876	KLK6
Q92888	ARHGEF1
Q92890	UFD1
Q92917	GPKOW
Q92932	PTPRN2
Q92935	EXTL1
Q92956	TNFRSF14
Q92973	TNPO1
Q92982	NINJ1
Q93015	NAA80
Q93033	CD101
Q93052	LPP
Q93062	RBPMS
Q93091	RNASE6
Q969D9	TSLP
Q969H8	MYDGF
Q969P0	IGSF8
Q969P6	TOP1MT
Q969V3	NCLN
Q969X0	RILPL2
Q969Z4	RELT
Q96A00	PPP1R14A
Q96A25	TMEM106A
Q96A32	MYLPF
Q96A35	MRPL24
Q96A49	SYAP1
Q96A56	TP53INP1
Q96AG4	LRRC59
Q96AJ9	VTI1A
Q96AP7	ESAM
Q96AQ6	PBXIP1
Q96AT9	RPE
Q96AX2	RAB37
Q96B36	AKT1S1
Q96B86	RGMA
Q96BJ3	AIDA
Q96BQ1	FAM3D
Q96C24	SYTL4
Q96C92	ENTR1
Q96CD2	PPCDC
Q96CG8	CTHRC1
Q96CN9	GCC1
Q96D42	HAVCR1
Q96D71	REPS1
Q96DA2	RAB39B
Q96DB9	FXYD5
Q96DC8	ECHDC3
Q96DE0	NUDT16
Q96DR5	BPIFA2
Q96DU3	SLAMF6
Q96EB6	SIRT1
Q96EK5	KIFBP
Q96EM0	L3HYPDH
Q96EP0	RNF31
Q96EU7	C1GALT1C1
Q96F10	SAT2
Q96F46	IL17RA
Q96FE7	PIK3IP1
Q96FQ6	S100A16
Q96FZ7	CHMP6
Q96G03	PGM2
Q96GG9	DCUN1D1
Q96GP6	SCARF2
Q96GW7	BCAN
Q96H15	TIMD4
Q96HC4	PDLIM5
Q96HD1	CRELD1
Q96HD9	ACY3
Q96I15	SCLY
Q96I25	RBM17
Q96I82	KAZALD1
Q96ID5	IGSF21
Q96IQ7	VSIG2
Q96IU4	ABHD14B
Q96IW2	SHD
Q96IY4	CPB2
Q96J42	TXNDC15
Q96J84	KIRREL1
Q96JA1	LRIG1
Q96JB5	CDK5RAP3
Q96JP9	CDHR1
Q96K21	ZFYVE19
Q96K76	USP47
Q96KB5	PBK
Q96KG7	MEGF10
Q96KJ4	MSLNL
Q96KN2	CNDP1
Q96L15	ART5
Q96LA5	FCRL2
Q96LA6	FCRL1
Q96LB8	PGLYRP4
Q96LC7	SIGLEC10
Q96MK3	FAM20A
Q96MM7	HS6ST2
Q96N03	VSTM2L
Q96NA2	RILP
Q96NB1	CEP20
Q96NB3	ZNF830
Q96NY8	NECTIN4
Q96NZ8	WFIKKN1
Q96NZ9	PRAP1
Q96P31	FCRL3
Q96P66	GPR101
Q96PD2	DCBLD2
Q96PD4	IL17F
Q96PD5	PGLYRP2
Q96PE7	MCEE
Q96PH6	DEFB118
Q96PL1	SCGB3A2
Q96PL5	ERMAP
Q96PP9	GBP4
Q96PQ0	SORCS2
Q96PU4	UHRF2
Q96PU5	NEDD4L
Q96PV0	SYNGAP1
Q96PX8	SLITRK1
Q96Q89	KIF20B
Q96QH8	SPACA5_SPACA5B
Q96QR1	SCGB3A1
Q96R05	RBP7
Q96RD9	FCRL5
Q96RE7	NACC1
Q96RF0	SNX18
Q96RJ3	TNFRSF13C
Q96RT1	ERBIN
Q96RU2	USP28
Q96SB3	PPP1R9B
Q96SD1	DCLRE1C
Q96SM3	CPXM1
Q96T91	GPHA2
Q99062	CSF3R
Q99075	HBEGF
Q99250	SCN2A
Q99259	GAD1
Q99426	TBCB
Q99435	NELL2
Q99447	PCYT2
Q99460	PSMD1
Q99487	PAFAH2
Q99497	PARK7
Q99523	SORT1
Q99536	VAT1
Q99538	LGMN
Q99549	MPHOSPH8
Q99574	SERPINI1
Q99584	S100A13
Q99598	TSNAX
Q99616	CCL13
Q99650	OSMR
Q99653	CHP1
Q99665	IL12RB2
Q99674	CGREF1
Q99683	MAP3K5
Q99685	MGLL
Q99700	ATXN2
Q99704	DOK1
Q99707	MTR
Q99717	SMAD5
Q99727	TIMP4
Q99731	CCL19
Q99733	NAP1L4
Q99748	NRTN
Q99795	GPA33
Q99807	COQ7
Q99856	ARID3A
Q99895	CTRC
Q99942	RNF5
Q99963	SH3GL3
Q99969	RARRES2
Q99972	MYOC
Q99983	OMD
Q99988	GDF15
Q9BPX1	HSD17B14
Q9BQ51	PDCD1LG2
Q9BQB4	SOST
Q9BQE9	BCL7B
Q9BQI0	AIF1L
Q9BQR3	PRSS27
Q9BQS7	HEPH
Q9BQT9	CLSTN3
Q9BRF8	CPPED1
Q9BRJ6	C7orf50
Q9BRK3	MXRA8
Q9BRQ6	CHCHD6
Q9BS26	ERP44
Q9BS40	LXN
Q9BSG5	RTBDN
Q9BSL1	UBAC1
Q9BSW2	CRACR2A
Q9BT73	PSMG3
Q9BTE6	AARSD1
Q9BTK6	PAGR1
Q9BU02	THTPA
Q9BU40	CHRDL1
Q9BUD6	SPON2
Q9BUE0	MED18
Q9BUH6	PAXX
Q9BUJ2	HNRNPUL1
Q9BUN1	MENT
Q9BUP0	EFHD1
Q9BV20	MRI1
Q9BV40	VAMP8
Q9BV79	MECR
Q9BV94	EDEM2
Q9BVM4	GGACT
Q9BW04	SARG
Q9BW30	TPPP3
Q9BW61	DDA1
Q9BW66	CINP
Q9BW85	YJU2
Q9BWV1	BOC
Q9BX10	GTPBP2
Q9BX66	SORBS1
Q9BX67	JAM3
Q9BXD5	NPL
Q9BXI3	NT5C1A
Q9BXI9	C1QTNF6
Q9BXJ0	C1QTNF5
Q9BXJ1	C1QTNF1
Q9BXJ7	AMN
Q9BXN1	ASPN
Q9BXN2	CLEC7A
Q9BXR6	CFHR5
Q9BXS1	IDI2
Q9BXY4	RSPO3
Q9BY14	TEX101
Q9BY32	ITPA
Q9BY41	HDAC8
Q9BY49	PECR
Q9BY76	ANGPTL4
Q9BYC5	FUT8
Q9BYE9	CDHR2
Q9BYF1	ACE2
Q9BYH1	SEZ6L
Q9BYJ0	FGFBP2
Q9BYZ8	REG4
Q9BZ29	DOCK9
Q9BZC7	ABCA2
Q9BZE9	ASPSCR1
Q9BZJ3	TPSD1
Q9BZL6	PRKD2
Q9BZM5	ULBP2
Q9BZR6	RTN4R
Q9BZW2	SLC13A1
Q9BZW8	CD244
Q9BZZ2	SIGLEC1
Q9C005	DPY30
Q9C035	TRIM5
Q9C0A0	CNTNAP4
Q9C0C4	SEMA4C
Q9GZM7	TINAGL1
Q9GZN4	PRSS22
Q9GZP4	PITHD1
Q9GZT3	SLIRP
Q9GZT9	EGLN1
Q9GZV9	FGF23
Q9GZX6	IL22
Q9GZY6	LAT2
Q9GZZ8	LACRT
Q9H008	LHPP
Q9H0C8	ILKAP
Q9H0P0	NT5C3A
Q9H0R8	GABARAPL1
Q9H0U9	TSPYL1
Q9H156	SLITRK2
Q9H171	ZBP1
Q9H173	SIL1
Q9H1C3	GLT8D2
Q9H1P3	OSBPL2
Q9H1U4	MEGF9
Q9H251	CDH23
Q9H293	IL25
Q9H2A7	CXCL16
Q9H2G2	SLK
Q9H2K0	MTIF3
Q9H2M3	BHMT2
Q9H2R5	KLK15
Q9H2W6	MRPL46
Q9H2X3	CLEC4M
Q9H347	UBQLN3
Q9H3G5	CPVL
Q9H3K6	BOLA2_BOLA2B
Q9H3R2	MUC13
Q9H3S3	TMPRSS5
Q9H3S4	TPK1
Q9H3T2	SEMA6C
Q9H3U7	SMOC2
Q9H446	RWDD1
Q9H461	FZD8
Q9H477	RBKS
Q9H492	MAP1LC3A
Q9H4A9	DPEP2
Q9H4D0	CLSTN2
Q9H4F8	SMOC1
Q9H4P4	RNF41
Q9H4X1	RGCC
Q9H5V8	CDCP1
Q9H5Y7	SLITRK6
Q9H6B4	CLMP
Q9H6E4	CCDC134
Q9H6H4	REEP4
Q9H6Q3	SLA2
Q9H6S1	AZI2
Q9H6S3	EPS8L2
Q9H741	SPRING1
Q9H773	DCTPP1
Q9H777	ELAC1
Q9H7C9	AAMDC
Q9H7M9	VSIR
Q9H7Y0	DIPK2B
Q9H7Z7	PTGES2
Q9H832	UBE2Z
Q9H867	VCPKMT
Q9H8J5	MANSC1
Q9H8Y8	GORASP2
Q9H910	JPT2
Q9H939	PSTPIP2
Q9H9E1	ANKRA2
Q9HA65	TBC1D17
Q9HAN9	NMNAT1
Q9HAT2	SIAE
Q9HAV5	EDA2R
Q9HAV7	GRPEL1
Q9HAW4	CLSPN
Q9HB29	IL1RL2
Q9HB40	SCPEP1
Q9HB71	CACYBP
Q9HBB8	CDHR5
Q9HBE5	IL21R
Q9HBG7	LY9
Q9HBL6	LRTM1
Q9HC38	GLOD4
Q9HC56	PCDH9
Q9HC57	WFDC1
Q9HC77	CENPJ
Q9HCB6	SPON1
Q9HCK4	ROBO2
Q9HCM2	PLXNA4
Q9HCM3	KIAA1549
Q9HCM4	EPB41L5
Q9HCN6	GP6
Q9HCU0	CD248
Q9HCU4	CELSR2
Q9HCU5	PREB
Q9HCY8	S100A14
Q9HD26	GOPC
Q9HD42	CHMP1A
Q9HD43	PTPRH
Q9HD89	RETN
Q9NNX6	CD209
Q9NP70	AMBN
Q9NP79	VTA1
Q9NP84	TNFRSF12A
Q9NP85	NPHS2
Q9NP95	FGF20
Q9NPB3	CABP2
Q9NPD7	NRN1
Q9NPE2	NGRN
Q9NPG4	PCDH12
Q9NPH0	ACP6
Q9NPH3	IL1RAP
Q9NPH6	OBP2B
Q9NPI5	NMRK2
Q9NPJ3	ACOT13
Q9NPY3	CD93
Q9NQ25	SLAMF7
Q9NQ30	ESM1
Q9NQ38	SPINK5
Q9NQ48	LZTFL1
Q9NQ66	PLCB1
Q9NQ76	MEPE
Q9NQ79	CRTAC1
Q9NQ84	GPRC5C
Q9NQ88	TIGAR
Q9NQI0	DDX4
Q9NQP4	PFDN4
Q9NQR4	NIT2
Q9NQW8	CNGB3
Q9NQX5	NPDC1
Q9NR12	PDLIM7
Q9NR28	DIABLO
Q9NR46	SH3GLB2
Q9NR61	DLL4
Q9NR71	ASAH2
Q9NRA1	PDGFC
Q9NRD8	DUOX2
Q9NRG1	PRTFDC1
Q9NRJ3	CCL28
Q9NRM6	IL17RB
Q9NRR1	CYTL1
Q9NRR2	TPSG1
Q9NRS6	SNX15
Q9NRV9	HEBP1
Q9NRW1	RAB6B
Q9NRY6	PLSCR3
Q9NS15	LTBP3
Q9NS37	CREBZF
Q9NS62	THSD1
Q9NS68	TNFRSF19
Q9NS71	GKN1
Q9NS98	SEMA3G
Q9NSA1	FGF21
Q9NSK7	C19orf12
Q9NTU7	CBLN4
Q9NUG6	PDRG1
Q9NUW8	TDP1
Q9NUY8	TBC1D23
Q9NV35	NUDT15
Q9NVZ3	NECAP2
Q9NWM8	FKBP14
Q9NWQ8	PAG1
Q9NWU2	GID8
Q9NWV8	BABAM1
Q9NWZ3	IRAK4
Q9NX58	LYAR
Q9NXA8	SIRT5
Q9NXH3	PPP1R14D
Q9NXV2	KCTD5
Q9NY25	CLEC5A
Q9NY46	SCN3A
Q9NY59	SMPD3
Q9NY72	SCN3B
Q9NYJ8	TAB2
Q9NYX4	CALY
Q9NYY1	IL20
Q9NYZ4	SIGLEC8
Q9NZ53	PODXL2
Q9NZA1	CLIC5
Q9NZC2	TREM2
Q9NZD4	AHSP
Q9NZH8	IL36G
Q9NZJ5	EIF2AK3
Q9NZK5	ADA2
Q9NZN3	EHD3
Q9NZN5	ARHGEF12
Q9NZP8	C1RL
Q9NZQ7	CD274
Q9NZQ9	TMOD4
Q9NZS2	KLRF1
Q9NZT2	OGFR
Q9NZV1	CRIM1
Q9P000	COMMD9
Q9P013	CWC15
Q9P0G3	KLK14
Q9P0J1	PDP1
Q9P0K1	ADAM22
Q9P0M4	IL17C
Q9P0V8	SLAMF8
Q9P126	CLEC1B
Q9P1Z2	CALCOCO1
Q9P232	CNTN3
Q9P2D8	UNC79
Q9P2J2	IGSF9
Q9P2M1	LRP2BP
Q9P2M7	CGN
Q9P2T1	GMPR2
Q9P2X3	IMPACT
Q9UBB4	ATXN10
Q9UBC9	SPRR3
Q9UBG3	CRNN
Q9UBM4	OPTC
Q9UBP4	DKK3
Q9UBQ7	GRHPR
Q9UBR1	UPB1
Q9UBR2	CTSZ
Q9UBT3	DKK4
Q9UBU3	GHRL
Q9UBU8	MORF4L1
Q9UBV2	SEL1L
Q9UBW5	BIN2
Q9UBX1	CTSF
Q9UBX7	KLK11
Q9UDT6	CLIP2
Q9UEW3	MARCO
Q9UFP1	GASK1A
Q9UGI9	PRKAG3
Q9UGM5	FETUB
Q9UGN4	CD300A
Q9UGT4	SUSD2
Q9UH03	SEPTIN3
Q9UH65	SWAP70
Q9UHA7	IL36A
Q9UHC6	CNTNAP2
Q9UHD0	IL19
Q9UHD8	SEPTIN9
Q9UHF1	EGFL7
Q9UHF4	IL20RA
Q9UHI8	ADAMTS1
Q9UHJ6	SHPK
Q9UHL0	DDX25
Q9UHL4	DPP7
Q9UHL9	GTF2IRD1
Q9UHN6	CEMIP2
Q9UHP3	USP25
Q9UHV9	PFDN2
Q9UHX3	ADGRE2
Q9UHY7	ENOPH1
Q9UI15	TAGLN3
Q9UI42	CPA4
Q9UIB8	CD84
Q9UII2	ATP5IF1
Q9UIK4	DAPK2
Q9UIM3	FKBPL
Q9UJ68	MSRA
Q9UJ70	NAGK
Q9UJ71	CD207
Q9UJ72	ANXA10
Q9UJ99	CDH22
Q9UJA9	ENPP5
Q9UJC5	SH3BGRL2
Q9UJM8	HAO1
Q9UJU6	DBNL
Q9UJY5	GGA1
Q9UJZ1	STOML2
Q9UK05	GDF2
Q9UK23	NAGPA
Q9UK41	VPS28
Q9UK53	ING1
Q9UK85	DKKL1
Q9UKJ0	PILRB
Q9UKJ1	PILRA
Q9UKK9	NUDT5
Q9UKL0	RCOR1
Q9UKM9	RALY
Q9UKP3	ITGB1BP2
Q9UKR0	KLK12
Q9UKR3	KLK13
Q9UKS7	IKZF2
Q9UKU9	ANGPTL2
Q9UKV0	HDAC9
Q9UKV5	AMFR
Q9UKW4	VAV3
Q9UKX5	ITGA11
Q9UKX7	NUP50
Q9UKY0	PRND
Q9UL42	PNMA2
Q9UL46	PSME2
Q9ULA0	DNPEP
Q9ULC4	MCTS1
Q9ULD2	MTUS1
Q9ULH4	LRFN2
Q9ULI3	HEG1
Q9ULL4	PLXNB3
Q9ULR5	PAIP2B
Q9ULU8	CADPS
Q9ULW2	FZD10
Q9ULX7	CA14
Q9UM07	PADI4
Q9UM47	NOTCH3
Q9UM54	MYO6
Q9UMF0	ICAM5
Q9UMR7	CLEC4A
Q9UMS0	NFU1
Q9UMX5	NENF
Q9UN19	DAPP1
Q9UN42	ATP1B4
Q9UNE0	EDAR
Q9UNK0	STX8
Q9UNN8	PROCR
Q9UNP9	PPIE
Q9UNY4	TTF2
Q9UNZ2	NSFL1C
Q9UP79	ADAMTS8
Q9UPV0	CEP164
Q9UPW0	FOXJ3
Q9UPY6	WASF3
Q9UPY8	MAPRE3
Q9UQ16	DNM3
Q9UQB8	BAIAP2
Q9UQE7	SMC3
Q9UQP3	TNN
Q9UQQ2	SH2B3
Q9UQV4	LAMP3
Q9Y223	GNE
Q9Y240	CLEC11A
Q9Y243	AKT3
Q9Y251	HPSE
Q9Y258	CCL26
Q9Y265	RUVBL1
Q9Y266	NUDC
Q9Y275	TNFSF13B
Q9Y279	VSIG4
Q9Y285	FARSA
Q9Y286	SIGLEC7
Q9Y2B0	CNPY2
Q9Y2E5	MAN2B2
Q9Y2I7	PIKFYVE
Q9Y2J4	AMOTL2
Q9Y2J8	PADI2
Q9Y2L6	FRMD4B
Q9Y2V2	CARHSP1
Q9Y2W1	THRAP3
Q9Y2W6	TDRKH
Q9Y2X7	GIT1
Q9Y2Y0	ARL2BP
Q9Y2Y8	PRG3
Q9Y2Z0	SUGT1
Q9Y303	AMDHD2
Q9Y336	SIGLEC9
Q9Y3B8	REXO2
Q9Y3B9	RRP15
Q9Y3C0	WASHC3
Q9Y3C4	TPRKB
Q9Y3D3	MRPS16
Q9Y3D6	FIS1
Q9Y3E2	BOLA1
Q9Y3L3	SH3BP1
Q9Y3P8	SIT1
Q9Y478	PRKAB1
Q9Y4C0	NRXN3
Q9Y4C1	KDM3A
Q9Y4C8	RBM19
Q9Y4D1	DAAM1
Q9Y4G8	RAPGEF2
Q9Y4K4	MAP4K5
Q9Y4L1	HYOU1
Q9Y4X3	CCL27
Q9Y570	PPME1
Q9Y5A7	NUB1
Q9Y5C1	ANGPTL3
Q9Y5E8	PCDHB15
Q9Y5K2	KLK4
Q9Y5K6	CD2AP
Q9Y5K8	ATP6V1D
Q9Y5L3	ENTPD2
Q9Y5P4	CERT1
Q9Y5Q6	INSL5
Q9Y5S2	CDC42BPB
Q9Y5V3	MAGED1
Q9Y5W5	WIF1
Q9Y5X1	SNX9
Q9Y5X3	SNX5
Q9Y5Y7	LYVE1
Q9Y623	MYH4
Q9Y624	F11R
Q9Y639	NPTN
Q9Y646	CPQ
Q9Y653	ADGRG1
Q9Y662	HS3ST3B1
Q9Y680	FKBP7
Q9Y6A5	TACC3
Q9Y6D9	MAD1L1
Q9Y6E0	STK24
Q9Y6I3	EPN1
Q9Y6K9	IKBKG
Q9Y6N7	ROBO1
Q9Y6Q6	TNFRSF11A
Q9Y6U3	SCIN
Q9Y6X8	ZHX2
Q9Y6Y9	LY96
QDPR	QDPR
QPCT	QPCT
QPCTL.8866.53.3	QPCTL
QSOX1	QSOX1
RAB10	RAB10
RAB11FIP3	RAB11FIP3
RAB26.6997.32.3	RAB26
RAB27B	RAB27B
RAB2B	RAB2B
RAB33A	RAB33A
RAB37	RAB37
RAB39B	RAB39B
RAB3GAP1	RAB3GAP1
RAB6A	RAB6A
RAB6B	RAB6B
RABEP1	RABEP1
RABEPK	RABEPK
RABGAP1L	RABGAP1L
RAC3	RAC3
RAD1.12670.15.3	RAD1
RAD23B	RAD23B
RAD51	RAD51
RAD51L3.12554.10.3	RAD51L3
RAET1E.7800.85.3	RAET1E
RALB	RALB
RALY	RALY
RANBP1	RANBP1
RANGAP1	RANGAP1
RAP1A	RAP1A
RARRES1	RARRES1
RARRES2	RARRES2
RASA1	RASA1
RASA1.5481.16.3	RASA1
RASGRF1	RASGRF1
RASSF2	RASSF2
RBFOX3	RBFOX3
RBKS	RBKS
RBM17	RBM17
RBM24.11380.84.3	RBM24
RBM25	RBM25
RBP1	RBP1
RBP2	RBP2
RBP5	RBP5
RBP7	RBP7
RBPMS	RBPMS
RBPMS2	RBPMS2
RCC1	RCC1
RCOR1	RCOR1
RCVRN.14334.3.3	RCVRN
RECK	RECK
REEP4	REEP4
REG1A	REG1A
REG1B	REG1B
REG3A	REG3A
REG3G	REG3G
REG4	REG4
RELB	RELB
RELT	RELT
REN	REN
REPS1	REPS1
RET	RET
RET.3220.40.2	RET
RETN	RETN
RETN.3046.31.1	RETN
REXO2	REXO2
RFC4	RFC4
RGL2	RGL2
RGMA	RGMA
RGMB	RGMB
RGS8	RGS8
RHOC	RHOC
RHOD.12442.4.3	RHOD
RICTOR	RICTOR
RILP	RILP
RILPL2	RILPL2
RIPK4	RIPK4
RLN1	RLN1
RLN2	RLN2
RNASE10	RNASE10
RNASE3	RNASE3
RNASE6	RNASE6
RNASET2	RNASET2
RND1.13574.50.3	RND1
RNF114.9957.9.3	RNF114
RNF122.11160.56.3	RNF122
RNF149	RNF149
RNF149.9773.15.3	RNF149
RNF31	RNF31
RNF4	RNF4
RNF41	RNF41
RNF43	RNF43
RNF43.14120.2.3	RNF43
RNF5	RNF5
RNPC3.12814.17.3	RNPC3
ROBO1	ROBO1
ROBO2	ROBO2
ROBO2.5116.62.2	ROBO2
ROR1	ROR1
RP2	RP2
RPA2	RPA2
RPL14	RPL14
RPLP2.10949.59.3	RPLP2
RRAS	RRAS
RRM2	RRM2
RRM2B	RRM2B
RRP15	RRP15
RSPO1	RSPO1
RSPO3	RSPO3
RSPO4.8464.31.3	RSPO4
RTBDN	RTBDN
RTKN2	RTKN2
RTN4IP1	RTN4IP1
RTN4R	RTN4R
RTN4R.5105.2.3	RTN4R
RUVBL1	RUVBL1
RWDD1	RWDD1
RYR1	RYR1
S100A11	S100A11
S100A12	S100A12
S100A13	S100A13
S100A14	S100A14
S100A16	S100A16
S100A3	S100A3
S100A4	S100A4
S100G	S100G
S100P	S100P
SAA4	SAA4
SAG	SAG
SAMD9L	SAMD9L
SAMHD1.11303.7.3	SAMHD1
SAP18	SAP18
SARG	SARG
SART1	SART1
SAT1	SAT1
SAT2	SAT2
SATB1	SATB1
SBSN	SBSN
SCAMP3	SCAMP3
SCARA5	SCARA5
SCARB1	SCARB1
SCARB2	SCARB2
SCARF1	SCARF1
SCARF2	SCARF2
SCARF2.8956.96.3	SCARF2
SCG2	SCG2
SCG3	SCG3
SCG3.7957.2.3	SCG3
SCGB1A1	SCGB1A1
SCGB1C1.5960.49.3	SCGB1C1
SCGB2A2	SCGB2A2
SCGB3A1	SCGB3A1
SCGB3A2	SCGB3A2
SCGN	SCGN
SCIN	SCIN
SCLY	SCLY
SCN2A	SCN2A
SCN2B	SCN2B
SCN3A	SCN3A
SCN3B	SCN3B
SCN4B	SCN4B
SCO1.7853.19.3	SCO1
SCP2	SCP2
SCPEP1	SCPEP1
SCRG1	SCRG1
SCRN1	SCRN1
SCT	SCT
SDC1	SDC1
SDC4	SDC4
SDCCAG8	SDCCAG8
SDHB	SDHB
SDK2	SDK2
SEC13.14689.3.3	SEC13
SEC31A	SEC31A
SEL1L	SEL1L
SELE	SELE
SELENOP	SELENOP
SELL	SELL
SELL.4831.4.2	SELL
SELP	SELP
SELPLG	SELPLG
SEMA3E.5363.51.3	SEMA3E
SEMA3F	SEMA3F
SEMA3G	SEMA3G
SEMA4C	SEMA4C
SEMA4D	SEMA4D
SEMA6C	SEMA6C
SEMA7A	SEMA7A
SEMG2.6373.54.3	SEMG2
SEPTIN3	SEPTIN3
SEPTIN7	SEPTIN7
SEPTIN8	SEPTIN8
SEPTIN9	SEPTIN9
SERPINA1	SERPINA1
SERPINA11	SERPINA11
SERPINA12	SERPINA12
SERPINA3	SERPINA3
SERPINA4.14105.5.3	SERPINA4
SERPINA5	SERPINA5
SERPINA6	SERPINA6
SERPINA7	SERPINA7
SERPINA9	SERPINA9
SERPINB1	SERPINB1
SERPINB5	SERPINB5
SERPINB6	SERPINB6
SERPINB8	SERPINB8
SERPINB9	SERPINB9
SERPINC1	SERPINC1
SERPIND1	SERPIND1
SERPINE1	SERPINE1
SERPINE2	SERPINE2
SERPINF1	SERPINF1
SERPINF1.7735.17.3	SERPINF1
SERPINF2	SERPINF2
SERPING1	SERPING1
SERPINH1	SERPINH1
SERPINI1	SERPINI1
SERPINI2	SERPINI2
SESTD1	SESTD1
SETD2.12647.52.3	SETD2
SETMAR	SETMAR
SEZ6	SEZ6
SEZ6L	SEZ6L
SEZ6L2	SEZ6L2
SF3B4	SF3B4
SFN.4829.43.6	SFN
SFRP1	SFRP1
SFRP4	SFRP4
SFTPA1	SFTPA1
SFTPA2	SFTPA2
SFTPC.5738.25.3	SFTPC
SFTPD	SFTPD
SGCB.7034.4.3	SGCB
SGSH	SGSH
SGTA.3868.8.1	SGTA
SH2B3	SH2B3
SH2D1A	SH2D1A
SH3BGRL2	SH3BGRL2
SH3BP1	SH3BP1
SH3GL3	SH3GL3
SH3GLB2	SH3GLB2
SHBG	SHBG
SHC1	SHC1
SHD	SHD
SHH	SHH
SHISA3.7057.18.3	SHISA3
SHISA5	SHISA5
SHMT1	SHMT1
SHPK	SHPK
SIAE	SIAE
SIGLEC1	SIGLEC1
SIGLEC10	SIGLEC10
SIGLEC15	SIGLEC15
SIGLEC5	SIGLEC5
SIGLEC6	SIGLEC6
SIGLEC7	SIGLEC7
SIGLEC7.2742.68.2	SIGLEC7
SIGLEC8	SIGLEC8
SIGLEC9	SIGLEC9
SIL1	SIL1
SIRPA	SIRPA
SIRPB1	SIRPB1
SIRPB1.6247.9.3	SIRPB1
SIRPG.9241.40.3	SIRPG
SIRT1	SIRT1
SIRT2	SIRT2
SIRT5	SIRT5
SIT1	SIT1
SKAP1	SKAP1
SKAP2	SKAP2
SL000045	IGFBP3
SL000062	KLK3
SL000064	KLK7
SL000084	EGF
SL000254	ALB
SL000344	CTSD
SL000428	CGA FSHB
SL000507	LTA LTB
SL000522	MMP12
SL000542	ITGA2B ITGB3
SL000546	PRL
SL000565	REN
SL001896	CLU
SL002081	CDH5
SL002602	TFF2
SL002644	EGFR
SL002704	PTN
SL002731	FAS
SL002785	NPPB
SL002823	SELL
SL003080	MIF
SL003173	CXCL1
SL003182	ITGAV ITGB5
SL003183	CXCL10
SL003193	CCL21
SL003198	TNC
SL003300	CCL16
SL003310	VEGFA
SL003340	CHI3L1
SL003770	SFRP1
SL003869	GDF15
SL004010	KIT
SL004139	EFNA3
SL004354	IL19
SL004359	NTF3
SL004438	CST6
SL004515	PGLYRP1
SL004610	LRP8
SL004626	ADAMTS5
SL004644	EDA
SL004853	ICOSLG
SL005195	LAG3
SL005217	SIGLEC6
SL005231	UNC5D
SL005403	LMAN2
SL005430	SECTM1
SL006029	CHIT1
SL006108	CD5L
SL006910	CTSV
SL006924	AGRP
SL007153	LPO
SL007631	SOST
SL007680	ROBO2
SL008178	DPT
SL008381	CTSF
SL008945	TGM3
SL009089	BCAN
SL009324	FSTL3
SL009412	DKK3
SL009948	PLXNB2
SL010378	RET
SL011069	PRSS27
SL011888	SMOC1
SL012517	RSPO4
SL012561	REG4
SL013165	HMGN1
SL013490	BOC
SL014028	ENTPD5
SL014092	CDON
SL016969	CSRP3
SL017106	IFNA10
SL017424	C10orf54
SL018256	CHKB
SL018587	ISLR2
SL018900	FTCD
SL021043	GDF11 MSTN
SLA2	SLA2
SLAMF1	SLAMF1
SLAMF6	SLAMF6
SLAMF6.5128.53.3	SLAMF6
SLAMF7	SLAMF7
SLAMF8	SLAMF8
SLC12A2	SLC12A2
SLC13A1	SLC13A1
SLC16A1	SLC16A1
SLC1A4	SLC1A4
SLC25A18.5280.68.5	SLC25A18
SLC27A4	SLC27A4
SLC28A1	SLC28A1
SLC35B3.10660.33.3	SLC35B3
SLC39A14	SLC39A14
SLC39A5	SLC39A5
SLC44A4	SLC44A4
SLC4A1	SLC4A1
SLC4A8.12798.46.3	SLC4A8
SLC51B	SLC51B
SLC9A3R2	SLC9A3R2
SLCO5A1.11669.39.3	SLCO5A1
SLIRP	SLIRP
SLIT2	SLIT2
SLITRK1	SLITRK1
SLITRK2	SLITRK2
SLITRK6	SLITRK6
SLMAP	SLMAP
SLURP1	SLURP1
SMAD1	SMAD1
SMAD3	SMAD3
SMAD5	SMAD5
SMARCA2	SMARCA2
SMC3	SMC3
SMIM9.8888.33.3	SMIM9
SMNDC1	SMNDC1
SMOC1	SMOC1
SMOC2	SMOC2
SMPD1	SMPD1
SMPD3	SMPD3
SMPDL3A	SMPDL3A
SMPDL3A.14086.11.3	SMPDL3A
SMPDL3B	SMPDL3B
SMS	SMS
SMTN	SMTN
SNAP23	SNAP23
SNAP25	SNAP25
SNAP25.13105.7.3	SNAP25
SNAP29	SNAP29
SNCA	SNCA
SNCG	SNCG
SNED1	SNED1
SNU13	SNU13
SNX18	SNX18
SNX2	SNX2
SNX9	SNX9
SOD1	SOD1
SOD2	SOD2
SOD2.5008.51.1	SOD2
SOD3	SOD3
SOD3.8463.2.3	SOD3
SORBS1	SORBS1
SORCS2	SORCS2
SORD	SORD
SORT1	SORT1
SOST	SOST
SOST.13101.60.3	SOST
SOWAHA	SOWAHA
SOX9	SOX9
SPACA5_SPACA5B	SPACA5_SPACA5B
SPAG1	SPAG1
SPARC	SPARC
SPARCL1	SPARCL1
SPESP1	SPESP1
SPINK1	SPINK1
SPINK2	SPINK2
SPINK4	SPINK4
SPINK5	SPINK5
SPINK6	SPINK6
SPINK9.8042.88.3	SPINK9
SPINT1	SPINT1
SPINT2	SPINT2
SPINT3	SPINT3
SPOCK1	SPOCK1
SPON1	SPON1
SPON2	SPON2
SPP1	SPP1
SPRING1	SPRING1
SPRR1B	SPRR1B
SPRR3	SPRR3
SPRY2	SPRY2
SPTAN1.5031.10.1	SPTAN1
SPTBN2	SPTBN2
SPTLC1	SPTLC1
SRC	SRC
SRP14	SRP14
SRPK2	SRPK2
SRPX	SRPX
SSB	SSB
SSBP1	SSBP1
SSC4D	SSC4D
SSC5D	SSC5D
SSR1.8106.15.3	SSR1
ST3GAL1	ST3GAL1
ST6GAL1	ST6GAL1
ST6GALNAC5.7927.16.3	ST6GALNAC5
ST8SIA1	ST8SIA1
STAB2	STAB2
STAMBP	STAMBP
STAP1.12510.3.3	STAP1
STAT2	STAT2
STAT5B	STAT5B
STAU1	STAU1
STAU1.12471.47.3	STAU1
STC1	STC1
STC2	STC2
STEAP4	STEAP4
STIP1	STIP1
STK11	STK11
STK24	STK24
STK4	STK4
STOML2	STOML2
STX16	STX16
STX1B	STX1B
STX3	STX3
STX4	STX4
STX6	STX6
STX7	STX7
STX8	STX8
STXBP1	STXBP1
STXBP3	STXBP3
SUGP1	SUGP1
SUGT1	SUGT1
SULT1A1	SULT1A1
SULT2A1	SULT2A1
SUMF1	SUMF1
SUMF2	SUMF2
SUOX	SUOX
SUSD1	SUSD1
SUSD2	SUSD2
SUSD4	SUSD4
SUSD5	SUSD5
SV2A	SV2A
SVEP1.11178.21.3	SVEP1
SWAP70	SWAP70
SYT1	SYT1
SYT11.7089.42.3	SYT11
TACC3	TACC3
TADA3	TADA3
TAFA5	TAFA5
TAGLN.9756.6.3	TAGLN
TAGLN3	TAGLN3
TANK	TANK
TARBP2	TARBP2
TARM1	TARM1
TARS1	TARS1
TAX1BP1.12721.4.3	TAX1BP1
TBC1D17	TBC1D17
TBC1D23	TBC1D23
TBC1D5	TBC1D5
TBCB	TBCB
TBCC	TBCC
TBL1X	TBL1X
TBR1	TBR1
TBXAS1.8098.37.3	TBXAS1
TCL1A	TCL1A
TCL1B	TCL1B
TCN1	TCN1
TCN2	TCN2
TCOF1	TCOF1
TCP11	TCP11
TCTN3	TCTN3
TDGF1	TDGF1
TDO2	TDO2
TDP1	TDP1
TDRKH	TDRKH
TEK	TEK
TERF1	TERF1
TET2	TET2
TEX101	TEX101
TEX33	TEX33
TF	TF
TFAP2A	TFAP2A
TFF1	TFF1
TFF2	TFF2
TFF3	TFF3
TFPI	TFPI
TFPI2	TFPI2
TFRC	TFRC
TFRC.6895.1.3	TFRC
TG	TG
TGFB1	TGFB1
TGFB1I1.8777.5.3	TGFB1I1
TGFB2	TGFB2
TGFBI	TGFBI
TGFBR2	TGFBR2
TGFBR3	TGFBR3
TGM2	TGM2
THAP12	THAP12
THBD	THBD
THBS2	THBS2
THBS4	THBS4
THOP1	THOP1
THPO	THPO
THRAP3	THRAP3
THSD1	THSD1
THSD7A.11174.8.3	THSD7A
THTPA	THTPA
THY1	THY1
TIA1	TIA1
TIE1	TIE1
TIE1.2844.53.2	TIE1
TIGAR	TIGAR
TIGIT	TIGIT
TIMD4	TIMD4
TIMP1	TIMP1
TIMP2	TIMP2
TIMP3	TIMP3
TIMP4	TIMP4
TINAGL1	TINAGL1
TJAP1	TJAP1
TJP3	TJP3
TK1	TK1
TLR1	TLR1
TLR2	TLR2
TLR3	TLR3
TMCO5A	TMCO5A
TMED1	TMED1
TMED10	TMED10
TMED2.10761.5.3	TMED2
TMED4	TMED4
TMED8	TMED8
TMEM106A	TMEM106A
TMEM132A	TMEM132A
TMEM132A.7871.16.3	TMEM132A
TMEM132B.8890.9.3	TMEM132B
TMEM132C.11128.29.3	TMEM132C
TMEM132C.7173.141.3	TMEM132C
TMEM132D.13416.8.3	TMEM132D
TMEM234.8107.12.3	TMEM234
TMEM25	TMEM25
TMEM57.12367.52.3	TMEM57
TMEM70.8074.32.3	TMEM70
TMOD4	TMOD4
TMPRSS11B	TMPRSS11B
TMPRSS11D	TMPRSS11D
TMPRSS15	TMPRSS15
TMPRSS5	TMPRSS5
TMSB10	TMSB10
TNC	TNC
TNF	TNF
TNFAIP6.5036.50.1	TNFAIP6
TNFAIP8	TNFAIP8
TNFAIP8L2	TNFAIP8L2
TNFRSF10A	TNFRSF10A
TNFRSF10B	TNFRSF10B
TNFRSF10C	TNFRSF10C
TNFRSF11A	TNFRSF11A
TNFRSF11B	TNFRSF11B
TNFRSF11B.8304.50.3	TNFRSF11B
TNFRSF12A	TNFRSF12A
TNFRSF13B	TNFRSF13B
TNFRSF13C	TNFRSF13C
TNFRSF14	TNFRSF14
TNFRSF17.2665.26.2	TNFRSF17
TNFRSF19	TNFRSF19
TNFRSF1A	TNFRSF1A
TNFRSF1B	TNFRSF1B
TNFRSF21	TNFRSF21
TNFRSF4	TNFRSF4
TNFRSF6B	TNFRSF6B
TNFRSF8	TNFRSF8
TNFRSF9	TNFRSF9
TNFSF10	TNFSF10
TNFSF11	TNFSF11
TNFSF12	TNFSF12
TNFSF13	TNFSF13
TNFSF13B	TNFSF13B
TNFSF14	TNFSF14
TNFSF4.2839.2.1	TNFSF4
TNFSF8	TNFSF8
TNN	TNN
TNNI3	TNNI3
TNR	TNR
TNXB	TNXB
TNXB.5698.60.3	TNXB
TOMM20	TOMM20
TOP1	TOP1
TOP1MT	TOP1MT
TOR1AIP1	TOR1AIP1
TOR1AIP2.10640.9.3	TOR1AIP2
TP53	TP53
TP53BP1	TP53BP1
TP53INP1	TP53INP1
TPBGL	TPBGL
TPK1	TPK1
TPM3	TPM3
TPMT	TPMT
TPP1	TPP1
TPPP2	TPPP2
TPPP2.12800.5.3	TPPP2
TPPP3	TPPP3
TPR	TPR
TPRKB	TPRKB
TPSAB1	TPSAB1
TPSD1	TPSD1
TPSG1	TPSG1
TPT1	TPT1
TRAF2	TRAF2
TRAF3	TRAF3
TRAF3IP2	TRAF3IP2
TRAF4.13041.47.3	TRAF4
TRDMT1	TRDMT1
TREH	TREH
TREM1.9266.1.3	TREM1
TREM2	TREM2
TREML1	TREML1
TREML2	TREML2
TRIAP1	TRIAP1
TRIM21	TRIM21
TRIM24	TRIM24
TRIM25	TRIM25
TRIM40	TRIM40
TRIM5	TRIM5
TRIM58	TRIM58
TRPV3	TRPV3
TSC1	TSC1
TSC22D1	TSC22D1
TSHB	TSHB
TSLP	TSLP
TSN.12477.42.3	TSN
TSNAX	TSNAX
TSPAN1	TSPAN1
TSPAN15	TSPAN15
TSPAN7	TSPAN7
TSPAN8	TSPAN8
TST	TST
TST.12663.1.3	TST
TTC17.9550.153.3	TTC17
TTC9B.9386.42.3	TTC9B
TTF2	TTF2
TTN	TTN
TTR	TTR
TUBB3	TUBB3
TWF2	TWF2
TWSG1.9234.8.3	TWSG1
TXK	TXK
TXLNA	TXLNA
TXN	TXN
TXNDC15	TXNDC15
TXNDC5	TXNDC5
TXNDC9	TXNDC9
TXNL1	TXNL1
TXNRD1	TXNRD1
TYMP	TYMP
TYRO3	TYRO3
TYRP1	TYRP1
UBAC1	UBAC1
UBE2B	UBE2B
UBE2G2.9199.6.3	UBE2G2
UBE2J2.8802.24.3	UBE2J2
UBE2L6	UBE2L6
UBE2Z	UBE2Z
UBQLN3	UBQLN3
UBXN1	UBXN1
UGDH	UGDH
UGT1A6.7891.45.3	UGT1A6
UHRF2	UHRF2
ULBP1.3081.70.2	ULBP1
ULBP2	ULBP2
ULBP3.2747.3.2	ULBP3
UMOD	UMOD
UNG	UNG
UPB1	UPB1
UPK3BL1	UPK3BL1
UQCRB.12957.62.3	UQCRB
UROS	UROS
USO1	USO1
USP25	USP25
USP28	USP28
USP47	USP47
USP8	USP8
UST.8364.74.3	UST
UXS1	UXS1
VAMP5	VAMP5
VAMP8	VAMP8
VASH1	VASH1
VASN	VASN
VASP	VASP
VAT1	VAT1
VAV3	VAV3
VCAM1	VCAM1
VCAN	VCAN
VCPKMT	VCPKMT
VEGFA	VEGFA
VEGFA.14032.2.3	VEGFA
VEGFC	VEGFC
VEGFD	VEGFD
VGF	VGF
VIM	VIM
VIPR1	VIPR1
VIT	VIT
VMO1	VMO1
VNN1	VNN1
VNN2	VNN2
VPS28	VPS28
VPS37A	VPS37A
VPS4B	VPS4B
VPS53	VPS53
VSIG10	VSIG10
VSIG2	VSIG2
VSIG4	VSIG4
VSIR	VSIR
VSNL1	VSNL1
VSTM1	VSTM1
VSTM2B	VSTM2B
VSTM2L	VSTM2L
VTA1	VTA1
VTCN1	VTCN1
VTI1A	VTI1A
VTI1B.8963.8.3	VTI1B
VWA1	VWA1
VWA5A	VWA5A
VWC2	VWC2
VWC2L	VWC2L
VWC2L.7995.16.3	VWC2L
VWF	VWF
WARS	WARS
WAS	WAS
WASF1	WASF1
WASF3	WASF3
WASHC3	WASHC3
WASL	WASL
WDR46	WDR46
WFDC12	WFDC12
WFDC12.6037.6.3	WFDC12
WFDC2	WFDC2
WFDC2.11388.75.3	WFDC2
WFIKKN1	WFIKKN1
WFIKKN2	WFIKKN2
WFIKKN2.3235.50.2	WFIKKN2
WIF1	WIF1
WNT9A	WNT9A
WWP2	WWP2
XCL1	XCL1
XG	XG
XPNPEP2	XPNPEP2
XRCC4	XRCC4
YARS1	YARS1
YES1	YES1
YIPF6.9984.12.3	YIPF6
YOD1	YOD1
YTHDF3	YTHDF3
YWHAE.14157.21.3	YWHAE
YWHAQ	YWHAQ
YY1	YY1
ZBP1	ZBP1
ZBTB16	ZBTB16
ZBTB17	ZBTB17
ZCCHC8	ZCCHC8
ZFYVE19	ZFYVE19
ZHX2	ZHX2
ZNF410.12843.6.3	ZNF410
ZNF75D	ZNF75D
ZNF830	ZNF830
ZNRD2	ZNRD2
ZNRF3.14122.132.3	ZNRF3
ZNRF4	ZNRF4
ZP3	ZP3
ZP4	ZP4
ZPR1	ZPR1
