protein_id,npx_value
A1BG,0.15805
AAMDC,-0.53475
AARSD1,-1.0466
ABCA2,0.3754
ABHD14B,-2.1575
ABL1,-0.9879
ABO,0.7988
ABRAXAS2,-2.24575
ACAA1,0.7123
ACADM,-0.95305
ACADSB,-1.28695
ACAN,0.1641
ACE,0.38145
ACE2,0.2525
ACHE,0.2112
ACOT13,-1.2297
ACOX1,-0.5505
ACP1,-2.1829
ACP5,0.0978
ACP6,-0.3702
ACRBP,0.07515
ACRV1,0.0905
ACTA2,-0.8029
ACTN2,-0.567
ACTN4,-0.5737
ACVRL1,-0.0651
ACY1,-0.0608
ACY3,-0.3656
ACYP1,-0.7777
ADA,0.0718999999999999
ADA2,-0.4266
ADAM12,-0.1173
ADAM15,0.0821
ADAM22,-0.3218
ADAM23,-0.7649
ADAM8,-0.6894
ADAM9,-0.68405
ADAMTS1,-1.5326
ADAMTS13,0.7391
ADAMTS15,-0.5807
ADAMTS16,-0.5091
ADAMTS4,0.1551
ADAMTS8,0.8874
ADAMTSL2,-0.81575
ADAMTSL4,-0.3472
ADAMTSL5,0.54765
ADCYAP1R1,-0.531
ADD1,-0.24005
ADGRB3,-0.1656
ADGRD1,-0.10265
ADGRE1,-0.8437
ADGRE2,-0.5053
ADGRE5,-0.2996
ADGRF5,-0.10265
ADGRG1,-0.7682
ADGRG2,0.4437
ADGRV1,-1.4321
ADH1B,-0.0786
ADH4,-0.0546000000000001
ADM,-0.0689
ADRA2A,0.8322
AFAP1,-1.12925
AFM,0.3468
AFP,-0.7067
AGER,-0.4314
AGR2,-0.6186
AGR3,-0.0868
AGRN,0.3119
AGRP,-0.5537
AGT,-0.15675
AGXT,1.4827
AHCY,-0.9377
AHNAK,-0.31915
AHNAK2,0.116
AHSA1,-1.49495
AHSG,0.18585
AHSP,-0.989
AIDA,0.684
AIF1,0.8599
AIF1L,-0.32205
AIFM1,0.6441
AK1,0.1389
AK2,-1.256
AKAP12,0.3728
AKR1B1,-0.9183
AKR1B10,0.6489
AKR1C4,-0.2881
AKR7L,-0.452
AKT1S1,-1.957
AKT2,-3.1833
AKT3,-7.9338
ALCAM,-0.2071
ALDH1A1,-0.2134
ALDH2,0.34015
ALDH3A1,0.1441
ALDH5A1,-0.0858
ALMS1,-0.3943
ALPI,1.67975
ALPP,0.9386
AMBN,-0.4019
AMBP,-0.2033
AMDHD2,0.41315
AMFR,0.0774
AMIGO1,-0.3704
AMIGO2,-0.0461
AMN,-0.1776
AMOT,0.11335
AMOTL2,-0.60465
AMPD3,-0.4892
AMY1A_AMY1B_AMY1C,0.71075
AMY2A,0.5807
AMY2B,0.69
ANG,0.2687
ANGPT1,-0.8361
ANGPT2,0.0255
ANGPTL1,-0.3339
ANGPTL2,-0.7913
ANGPTL3,-0.2181
ANGPTL4,-0.4628
ANK2,0.82705
ANKMY2,-7.58595
ANKRA2,-0.19415
ANKRD54,-0.5141
ANP32C,0.2624
ANPEP,0.3533
ANXA1,-0.42275
ANXA10,-0.8731
ANXA11,-0.3087
ANXA2,0.0172
ANXA3,-0.1757
ANXA4,-0.7473
ANXA5,-2.5767
AOC1,-0.6338
AOC3,-0.3896
AP1G2,-1.93465
AP2B1,-0.6737
AP3B1,-1.73275
AP3S2,-1.2614
APBB1IP,-0.3027
APCS,0.37765
APEX1,-1.0073
APLP1,1.3529
APOA1,-0.19945
APOA2,-0.61425
APOA4,-0.56295
APOB,0.3342
APOBR,-0.48195
APOC1,-0.65055
APOD,0.3223
APOE,-0.6408
APOF,-2.4002
APOH,-0.0418
APOL1,2.1632
APOM,0.4704
APP,0.0686
APPL2,-2.26355
APRT,-1.4527
ARAF,-0.75095
AREG,-0.5776
ARF6,-2.50475
ARFIP1,-0.1402
ARG1,-1.0672
ARG2,-1.17305
ARHGAP1,-0.3324
ARHGAP25,-1.4332
ARHGAP30,-0.4806
ARHGAP45,-0.3021
ARHGAP5,-0.1215
ARHGEF1,-1.0414
ARHGEF10,-1.4199
ARHGEF12,-2.1622
ARHGEF5,-0.2667
ARID3A,0.0378
ARID4B,-0.3842
ARL2BP,0.2613
ARMCX2,-0.1465
ARNT,-1.0452
ARNTL,0.9184
ARSA,0.1152
ARSB,0.0902
ART3,-0.6831
ART5,-0.9607
ARTN,-0.1804
ASAH1,-0.0706
ASAH2,0.7253
ASGR1,-0.4097
ASGR2,-0.6877
ASPN,-0.11745
ASPSCR1,-1.0618
ASRGL1,0.5655
ASS1,0.1365
ATF2,0.1989
ATF4,-1.6242
ATG16L1,-0.62065
ATG4A,-1.0313
ATOX1,-1.2982
ATP1B1,0.03275
ATP1B2,0.38575
ATP1B3,-0.39625
ATP1B4,0.4786
ATP2B4,0.0384500000000002
ATP5F1D,-0.67245
ATP5IF1,-1.5995
ATP5PO,-0.9891
ATP6AP2,-0.6388
ATP6V1D,-0.4184
ATP6V1F,-0.0846999999999998
ATP6V1G1,-1.1671
ATRAID,-0.23715
ATRN,-0.03615
ATXN10,-1.5039
ATXN2,1.9343
ATXN2L,0.4309
ATXN3,-1.3108
AXIN1,-1.1747
AXL,-0.5533
AZI2,-1.1972
AZU1,-0.2768
B2M,-0.3794
B3GNT7,0.0743
B4GALT1,-0.2523
B4GAT1,0.1236
BABAM1,0.21875
BACH1,-0.3929
BAG3,-0.1982
BAG4,-1.39615
BAG6,-0.1529
BAIAP2,0.3409
BAMBI,-0.6171
BANK1,-2.2023
BAP18,-0.5541
BATF,-0.8124
BAX,-1.0844
BCAM,0.0717
BCAN,0.6519
BCAT1,-0.3967
BCAT2,-0.1891
BCHE,0.21405
BCL2,-0.53435
BCL2L1,-1.0545
BCL2L15,-0.94895
BCL7A,-3.3474
BCL7B,0.5677
BCR,-0.4902
BDNF,-1.51235
BECN1,-0.5522
BEX3,-1.02695
BGLAP,-0.0769000000000001
BGN,-0.0794
BHLHE40,-8.5286
BHMT2,-1.42975
BIN2,-7.9673
BIRC2,0.2109
BLMH,0.0327
BLNK,0.2331
BLOC1S2,1.1207
BLOC1S3,-0.3143
BLVRB,-0.4956
BMP10,-0.0436
BMP4,-0.483
BMPER,0.1338
BNIP2,0.64985
BNIP3L,-1.55175
BOC,0.3712
BOLA1,0.0672
BOLA2_BOLA2B,-1.6581
BPIFA2,2.2259
BPIFB1,1.4403
BPIFB2,-0.01345
BRAP,-1.0716
BRD1,-6.04435
BRD2,-1.7016
BRD3,-0.75635
BRDT,0.24495
BRK1,-0.6026
BRME1,-0.387
BRSK2,-0.5848
BSG,-0.3045
BSND,-1.8435
BST1,-0.0961
BST2,0.6559
BTC,-0.6517
BTD,0.20555
BTLA,-0.9008
BTN1A1,0.2386
BTN2A1,-0.5238
BTN3A2,-0.4668
BTNL10,-0.3265
C19orf12,-0.083
C1GALT1C1,-0.40845
C1QA,-0.5809
C1QBP,3.3457
C1QL2,0.4698
C1QTNF1,0.2638
C1QTNF5,0.41435
C1QTNF6,0.2268
C1QTNF9,-0.43615
C1R,-0.1519
C1RL,0.26485
C1S,-0.1046
C2,-0.13
C2CD2L,-0.8486
C2orf69,-1.5586
C3,-0.4515
C4BPB,0.166
C5,-0.50865
C7,0.10515
C7orf50,-0.2196
C8B,-0.2042
C9,-1.4405
C9orf40,-1.7315
CA1,-1.3009
CA11,-0.1043
CA12,-0.5306
CA13,-1.6605
CA14,-0.1714
CA2,-1.4402
CA3,-0.7193
CA4,-0.2315
CA5A,-0.6753
CA6,1.3691
CA7,2.3808
CA8,1.2045
CA9,0.0004999999999999
CABP2,-0.1568
CACNA1C,0.2217
CACNA1H,-0.20165
CACNB1,-7.4093
CACNB3,-0.4703
CACYBP,-1.94625
CADPS,1.0846
CALB1,-0.0717999999999999
CALB2,1.4567
CALCA,-0.727
CALCB,0.1424
CALCOCO1,-2.1566
CALCOCO2,-0.88405
CALY,-0.371
CAMKK1,0.3909
CAMLG,-1.1284
CAMSAP1,-1.7626
CANT1,-0.0328
CAPG,-0.5397
CAPN3,-1.0077
CAPS,-0.1592
CARHSP1,-0.9189
CASC3,-0.1468
CASP1,-0.2138
CASP10,-0.569
CASP2,-1.7634
CASP3,-0.9448
CASP4,1.4696
CASP7,-0.2187
CASP8,-1.4494
CASQ2,0.62075
CAT,-1.2883
CBLIF,-1.6704
CBLN1,0.1797
CBLN4,0.3296
CBS,-0.5426
CC2D1A,-1.8219
CCAR2,-0.4141
CCDC134,-0.27045
CCDC28A,-9.1828
CCDC50,-0.2259
CCDC80,-0.5857
CCER2,-0.04995
CCL11,-0.4487
CCL13,0.6299
CCL14,-0.1902
CCL15,0.2861
CCL16,0.1454
CCL17,-0.1132
CCL18,-0.7276
CCL19,0.7441
CCL2,-0.3813
CCL20,-0.6793
CCL21,0.6791
CCL22,0.1089
CCL23,-0.0491
CCL24,0.0107
CCL25,0.797
CCL26,-1.1983
CCL27,-1.0236
CCL28,0.4641
CCL3,-0.7857
CCL4,-0.752
CCL5,0.829
CCL7,-0.2
CCL8,0.5356
CCN1,0.0382
CCN2,-0.0570999999999999
CCN3,-0.7564
CCN4,-0.3732
CCN5,-0.3681
CCND2,-7.3887
CCNE1,-0.10245
CCS,-0.4717
CCT5,-0.6264
CD101,-0.1012
CD109,0.4503
CD14,-0.4827
CD160,-0.4078
CD163,-0.5717
CD164,0.0312
CD164L2,0.3783
CD177,-0.7086
CD1C,0.2791
CD2,-1.12675
CD200,-0.0383
CD200R1,-0.0718000000000001
CD207,0.0272
CD209,-0.3403
CD22,0.4457
CD226,-0.5034
CD244,-0.4442
CD248,-0.0689
CD27,-0.223
CD274,-0.7622
CD276,0.0034999999999999
CD28,-0.5885
CD2AP,-0.9061
CD300A,-0.8979
CD300C,-1.1482
CD300E,-0.5057
CD300LF,-1.2892
CD300LG,-0.0305
CD302,-0.6006
CD33,-0.1995
CD34,0.1605
CD36,-0.4204
CD38,-0.1617
CD3D,-0.9321
CD3E,1.02785
CD3G,-1.0551
CD4,-0.2518
CD40,-0.2162
CD40LG,-1.4088
CD46,-0.7075
CD48,-0.694
CD5,-0.4634
CD55,-0.5198
CD58,-0.501
CD59,-0.1945
CD5L,-1.2826
CD6,-0.967
CD63,-1.0908
CD69,-1.8706
CD7,-0.6666
CD70,-0.072
CD72,0.1983
CD74,-0.5778
CD79B,-0.6766
CD80,-0.49875
CD82,-7.12295
CD83,-0.3016
CD84,-0.7224
CD86,-0.16225
CD8A,0.5441
CD93,-0.4179
CD99,-0.1361
CD99L2,-0.3062
CDA,0.15245
CDAN1,-0.1522
CDC123,0.6261
CDC25A,-0.8072
CDC26,-0.56965
CDC27,-1.0206
CDC37,-1.533
CDC42BPB,-2.24405
CDCP1,-1.479
CDH1,-0.3704
CDH15,-0.0558
CDH17,2.144
CDH2,-0.3942
CDH22,0.7113
CDH3,-0.232
CDH4,-5.4975
CDH5,0.4447
CDH6,0.2169
CDHR2,2.249
CDHR5,-0.1726
CDK1,-0.257
CDK5RAP3,0.3079
CDKL5,-0.2101
CDKN1A,-1.6338
CDKN2D,-0.9808
CDNF,-0.229
CDON,0.2319
CDSN,-0.203
CEACAM1,-2.2767
CEACAM16,-0.01055
CEACAM18,-1.1911
CEACAM19,0.69845
CEACAM20,1.40675
CEACAM21,1.2569
CEACAM3,-1.3419
CEACAM5,-1.7261
CEACAM6,-1.68135
CEACAM8,-1.354
CEBPA,-0.52065
CEBPB,-0.9801
CELA2A,0.12545
CELA3A,-0.3447
CELSR2,-0.25335
CEMIP2,0.14345
CEND1,-0.1176
CENPF,3.13935
CENPJ,-0.60075
CEP112,-0.4952
CEP152,-0.35935
CEP164,-0.7376
CEP170,-2.6146
CEP20,-0.4854
CEP290,-0.92025
CEP350,-7.287
CEP43,-0.4071
CEP85,-0.7378
CERT1,-1.6625
CES1,0.2158
CES2,0.4448
CES3,-0.253
CETN2,0.0373
CETN3,-0.4247
CFB,0.3428
CFC1,0.0071
CFD,-0.1098
CFH,-0.10845
CFHR2,0.31515
CFHR4,-0.3867
CFHR5,-0.63015
CFI,0.2607
CFP,0.1261
CGB3_CGB5_CGB8,-0.46025
CGN,-1.0191
CGREF1,-0.5388
CHAC2,-0.2714
CHAD,0.69615
CHCHD10,-0.9019
CHCHD6,0.019
CHEK2,-6.6938
CHGA,-0.8538
CHGB,-0.2964
CHI3L1,-1.1512
CHIT1,-2.6835
CHL1,-0.0096999999999999
CHM,-0.4829
CHMP1A,-0.5964
CHMP6,-0.26735
CHP1,-9.3228
CHRDL1,-0.59
CHRDL2,0.1658
CHRM1,-0.2924
CIAPIN1,-2.0192
CILP,-0.7024
CINP,1.58035
CIRBP,-2.3837
CIT,-1.6542
CKAP4,-0.5984
CKB,-1.94615
CKMT1A_CKMT1B,-1.9371
CLASP1,0.26555
CLC,-0.352
CLEC10A,-1.3647
CLEC11A,-0.2567
CLEC12A,-0.1013
CLEC14A,-0.3858
CLEC1A,-0.2964
CLEC1B,-1.5911
CLEC2L,0.1556
CLEC4A,0.1674
CLEC4C,0.1406
CLEC4D,-1.0255
CLEC4G,0.6013
CLEC4M,-0.88985
CLEC5A,-0.2833
CLEC6A,-0.8433
CLEC7A,-9.99999999999e-05
CLGN,-0.25
CLIC5,-0.2699
CLINT1,-1.88825
CLIP2,-0.9489
CLMP,-0.3289
CLNS1A,1.1731
CLPP,-0.5796
CLPS,0.9492
CLSPN,1.1662
CLSTN2,0.0663999999999999
CLSTN3,-0.322
CLTA,-0.9567
CLU,0.0142
CLUL1,0.2135
CMC1,-0.47885
CMIP,-1.4891
CNDP1,0.3245
CNGB3,-0.6781
CNP,-0.9615
CNPY2,0.7342
CNPY4,0.2183
CNST,-0.6483
CNTF,-3.7818
CNTN1,0.5508
CNTN2,0.6151
CNTN3,-0.2711
CNTN4,-0.0996
CNTN5,0.1444
CNTNAP2,0.1678
COCH,-0.59245
COL15A1,0.0925
COL18A1,0.0157999999999998
COL1A1,0.218
COL24A1,0.2143
COL28A1,0.4219
COL2A1,-0.21745
COL3A1,-0.3483
COL4A1,0.2437
COL4A4,-7.0477
COL5A1,0.145
COL6A3,-0.173
COL9A1,-0.6751
COL9A2,-2.25735
COLEC12,-0.357
COMMD1,-0.56735
COMMD9,-0.5416
COMP,0.1427
COMT,-1.2711
COPB2,-1.32025
COPE,0.9692
COQ7,0.3689
CORO1A,-1.7325
CORO6,-1.6199
COX5B,-0.3559
COX6B1,-1.4559
CPA1,-0.6669
CPA2,-0.2378
CPA4,-0.07545
CPB1,-0.4359
CPB2,0.06285
CPE,-1.774
CPM,-0.1792
CPOX,-0.43705
CPPED1,-0.3571
CPQ,-0.2298
CPTP,-0.202
CPVL,0.0681
CPXM1,0.5754
CPXM2,-0.64565
CR1,-1.20255
CR2,0.8298
CRACR2A,-2.397
CRADD,-1.8775
CREB3,-1.4989
CREBZF,0.1869
CREG1,-0.1835
CRELD1,-0.18495
CRELD2,-1.0092
CRH,0.7179
CRHBP,-0.0756
CRHR1,-0.0119999999999996
CRIM1,-0.25
CRIP2,-0.3852
CRISP2,-0.35
CRISP3,-0.1102
CRKL,-2.4012
CRLF1,0.0207
CRNN,0.2294
CRTAC1,-0.2102
CRTAM,-0.5318
CRTAP,-0.5726
CRX,1.7457
CRYBB1,-1.18195
CRYBB2,0.2339
CRYGD,-1.6347
CRYM,-1.6593
CRYZL1,-1.2967
CSDE1,0.1582
CSF1,-0.3197
CSF1R,-0.13065
CSF2,0.6021
CSF2RA,0.5073
CSF2RB,0.06645
CSF3,0.3184
CSF3R,-0.2465
CSH1,-2.08945
CSNK1D,-0.1742
CSNK2A1,-0.1319
CSPG4,-0.21635
CSPG5,0.2231
CSRP3,-1.52895
CST1,0.74345
CST3,-0.2696
CST5,1.0999
CST6,0.3611
CST7,3.6049
CSTB,-0.4234
CTBS,-0.17435
CTF1,-1.1385
CTHRC1,-0.0605
CTLA4,-6.207
CTNNA1,-1.4198
CTRB1,-0.4041
CTRC,0.0601999999999999
CTRL,-0.219
CTSB,-1.5448
CTSC,-0.5558
CTSD,-0.4528
CTSE,1.00195
CTSF,-0.4535
CTSH,-0.4453
CTSL,-1.0089
CTSO,-0.3027
CTSS,-0.2881
CTSV,0.519
CTSZ,-0.4614
CUZD1,-0.4908
CWC15,-0.51185
CX3CL1,-0.1374
CXADR,-0.1093
CXCL1,1.6308
CXCL10,-0.4968
CXCL11,2.0075
CXCL12,-0.1037
CXCL13,0.1315
CXCL14,1.6253
CXCL16,0.2022
CXCL17,0.1586
CXCL3,3.4256
CXCL5,4.0306
CXCL6,2.4492
CXCL8,0.198
CXCL9,-0.7351
CYB5A,-4.1785
CYB5R2,-0.0892500000000001
CYP24A1,2.58295
CYTH3,1.0468
CYTL1,-0.36615
DAAM1,-0.96205
DAB2,-2.6904
DAG1,-1.1059
DAND5,1.7834
DAPK2,-1.4432
DAPP1,-0.9574
DARS1,-1.1995
DBH,-0.1034
DBI,-0.7092
DBN1,-0.53005
DBNL,-3.11
DCBLD2,-0.8614
DCC,0.3144
DCDC2C,5.85505
DCLRE1C,2.06185
DCN,-0.0718
DCTD,-0.78105
DCTN1,-1.4503
DCTN2,-0.6543
DCTN6,-0.7048
DCTPP1,0.0522
DCUN1D1,-1.2359
DCUN1D2,-1.26125
DCXR,-0.3798
DDA1,-7.83525
DDAH1,-0.4251
DDC,0.1057
DDHD2,-0.1379
DDI2,-0.74935
DDR1,-0.3312
DDT,-0.87825
DDX1,-0.52115
DDX25,-0.4383
DDX39A,-0.6042
DDX4,-1.80265
DDX53,2.5012
DDX58,-0.6112
DECR1,-0.4305
DEFA1_DEFA1B,-0.7595
DEFB103A_DEFB103B,-0.72075
DEFB104A_DEFB104B,-1.0422
DEFB116,0.6633
DEFB118,-0.2717
DEFB4A_DEFB4B,-0.1727
DENND2B,0.313
DENR,0.73195
DFFA,-0.4245
DGCR6,-0.6762
DGKA,-0.18865
DGKZ,-0.391
DHODH,-0.7724
DHPS,-0.43555
DHRS4L2,0.1563
DIABLO,-1.9251
DIPK1C,-0.4784
DIPK2B,0.1349
DKK1,-0.0267
DKK3,-0.1179
DKK4,0.2322
DKKL1,-1.9771
DLG4,-1.9891
DLGAP5,-0.5273
DLK1,0.0171
DLL1,-0.1988
DLL4,-0.4843
DMD,-0.3559
DMP1,-0.3859
DNAJA1,-0.314
DNAJA2,-1.7268
DNAJA4,-0.9416
DNAJB1,-0.6084
DNAJB14,-1.36225
DNAJB2,-1.23185
DNAJB8,-0.7319
DNAJC21,-0.9235
DNAJC6,-1.9123
DNAJC9,-1.2881
DNER,0.4786
DNLZ,1.1628
DNM1,-0.0203
DNM3,-0.578
DNMBP,-1.2704
DNPEP,0.119
DNPH1,-0.7806
DOC2B,-0.0758000000000004
DOCK9,-1.5609
DOK1,-5.0148
DOK2,-2.1448
DPEP1,0.1371
DPEP2,-0.2175
DPP10,0.4003
DPP4,0.4654
DPP6,0.5009
DPP7,0.2211
DPT,-0.1927
DPY30,-0.765
DRAXIN,-0.1747
DRG2,-1.0319
DSC2,-0.6685
DSCAM,-0.1255
DSG2,-0.1811
DSG3,0.1843
DSG4,0.7649
DTD1,-0.88565
DTNB,-0.66215
DTX2,-0.3667
DTX3,-0.1413
DTYMK,-1.54165
DUOX2,-5.7167
DUSP13,-0.35485
DUSP29,-0.9098
DUSP3,0.8197
DUT,-1.30175
DXO,-0.5332
DYNC1H1,-0.2817
DYNLT1,-0.2743
DYNLT3,-2.14585
EBAG9,-0.6251
ECE1,0.595
ECHDC3,1.06535
ECHS1,1.683
ECI2,-0.53685
ECM1,-0.6235
ECSCR,0.0385
EDA2R,-0.4083
EDAR,-1.092
EDDM3B,-0.3052
EDF1,-1.0349
EDIL3,0.0553
EDN1,0.0558
EDNRB,0.22245
EEF1D,-2.3107
EFCAB14,-0.5835
EFCAB2,-0.51315
EFEMP1,-0.5678
EFHD1,-0.5902
EFNA4,0.0197
EFNB2,-0.2254
EGF,-2.3637
EGFL7,-0.5124
EGFLAM,0.052
EGFR,0.1743
EGLN1,-0.6317
EHBP1,-1.5288
EHD3,-1.1825
EIF1AX,-0.4381
EIF2AK2,-1.88155
EIF2AK3,0.1759
EIF2S2,-1.5442
EIF4B,-2.4128
EIF4E,0.87455
EIF4EBP1,-0.6212
EIF4G1,-2.277
EIF4G3,-0.7181
EIF5,-1.07345
EIF5A,0.08
ELAC1,-0.9253
ELAVL4,-2.0998
ELN,-0.3077
ELOA,-0.8526
ELOB,-0.1349
ENAH,0.2681
ENDOU,0.17235
ENG,0.0967
ENO1,-0.0352000000000001
ENO2,0.7665
ENO3,-0.14635
ENOPH1,-0.93155
ENPEP,-2.3476
ENPP2,0.2742
ENPP5,0.9313
ENPP6,-0.98865
ENPP7,0.8555
ENSA,-1.9835
ENTPD2,1.12
ENTPD5,-0.5381
ENTPD6,-0.1875
ENTR1,0.39515
EPB41L5,1.8679
EPCAM,0.1679
EPGN,-0.0086499999999999
EPHA1,-0.5695
EPHA10,0.6007
EPHA2,-0.3726
EPHA4,0.36335
EPHB4,-0.61
EPHB6,-0.5138
EPN1,1.18745
EPO,-1.014
EPPK1,-0.2458
EPS8L2,-0.0593
ERBB2,0.1393
ERBB3,0.2283
ERBB4,0.1936
ERBIN,-1.7479
ERC2,0.012
ERCC1,-5.9164
EREG,-1.0035
ERI1,-1.07925
ERMAP,-0.7741
ERN1,-0.07605
ERP29,-1.0314
ERP44,-0.1788
ERVV-1,-0.3022
ESAM,-0.4792
ESM1,0.0384999999999998
ESPL1,-0.62635
ESR1,-5.5791
ESYT2,-1.4339
EVI2B,-1.47655
EVI5,-1.76405
EVPL,-0.94165
EXOSC10,0.13435
EXTL1,1.24595
EZR,-0.1216
F10,0.2652
F11,0.32515
F11R,-0.8476
F12,0.7704
F13B,-0.1548
F2,-0.27975
F2R,-0.5076
F3,-0.0745999999999999
F7,-0.0939
F9,-0.0711
FABP1,-1.1961
FABP2,-0.4923
FABP3,-1.13495
FABP4,0.3285
FABP5,0.0223
FABP6,-0.2739
FABP9,1.1116
FADD,-1.5675
FAM13A,-1.27935
FAM171A2,1.062
FAM171B,1.34155
FAM172A,-0.38455
FAM20A,-0.3636
FAM3B,-0.6411
FAM3C,-0.2994
FAM3D,-0.22275
FAP,0.3127
FARSA,-0.8952
FAS,-0.4235
FASLG,0.1481
FBLN2,-0.2566
FBN2,-1.4549
FBP1,0.2965
FCAMR,0.1572
FCAR,-0.725
FCER1A,-0.3376
FCER2,0.2029
FCGR2A,-0.0709
FCGR2B,-1.3416
FCGR3B,0.3025
FCN1,-0.7289
FCN2,0.5424
FCRL1,0.4463
FCRL2,-0.4299
FCRL3,-0.2413
FCRL5,-1.7583
FCRL6,-1.0345
FCRLB,-1.8107
FDX1,-0.7504
FDX2,-5.46865
FEN1,-0.6266
FES,-0.3637
FETUB,0.2694
FGA,-0.28145
FGD3,0.2503
FGF12,-0.32345
FGF16,0.46605
FGF19,0.8128
FGF2,-0.8989
FGF20,0.2125
FGF21,-0.821
FGF23,-0.7613
FGF5,0.0959
FGF6,-0.2839
FGF7,0.55945
FGF9,-0.16275
FGFBP1,0.5594
FGFBP2,0.25
FGFBP3,-0.2427
FGFR2,-0.0555
FGFR4,-0.95
FGL1,0.07225
FGR,0.2257
FH,0.1389
FHIP2A,1.15185
FHIT,-7.5806
FIS1,-0.4765
FKBP14,-0.3732
FKBP1B,-2.8878
FKBP4,-1.2435
FKBP5,-3.3557
FKBP7,-0.5159
FKBPL,-1.787
FLRT2,0.2144
FLT1,-0.0086999999999999
FLT3,0.462
FLT3LG,0.4922
FLT4,0.5513
FMNL1,-0.9088
FMR1,0.9612
FN1,-0.09415
FNDC1,0.0168
FNTA,-0.32255
FOLH1,-2.21085
FOLR1,-0.5756
FOLR2,-0.3948
FOLR3,-4.8693
FOS,-0.05335
FOSB,-0.3894
FOXJ3,-0.9949
FOXO1,-0.7826
FOXO3,-5.392
FRMD4B,-0.73195
FRMD7,-1.2716
FRZB,-0.4126
FSHB,0.4013
FST,0.1876
FSTL1,-0.2834
FSTL3,-0.8867
FTCD,0.1403
FUCA1,0.8981
FUOM,-0.10185
FURIN,0.0776
FUS,-0.1848
FUT1,-0.89605
FUT3_FUT5,-0.6211
FUT8,-0.1626
FXN,-0.4541
FXYD5,-0.6501
FYB1,-1.1956
FZD10,-6.0697
FZD8,0.179
GABARAP,0.0509499999999999
GABRA4,-1.0013
GAD1,-1.34035
GAD2,-1.05515
GADD45B,0.1844
GADD45GIP1,-0.07905
GAGE2A,-0.34425
GAL,-0.7611
GALNT10,-0.3794
GALNT2,-0.995
GALNT3,-0.6666
GALNT5,-1.98635
GALNT7,0.3634
GAMT,-0.9252
GAPDH,-0.63475
GART,0.0045999999999999
GAS2,-0.3282
GAS6,-0.4396
GASK1A,0.28095
GAST,-0.2955
GATA3,-1.10395
GATD3,-0.6709
GBA,-0.0038
GBP1,-0.4141
GBP2,-0.7058
GBP4,-0.3991
GC,-0.34255
GCC1,-1.1315
GCG,-0.6442
GCHFR,-0.77105
GCLM,-1.3325
GCNT1,-0.3947
GDF15,-0.462
GDF2,0.535
GDNF,0.6217
GET3,-0.2661
GFAP,0.0201999999999999
GFER,-0.1209
GFOD2,0.1797
GFRA1,-0.1707
GFRA2,-0.2267
GFRA3,0.0591
GFRAL,0.506
GGA1,0.6908
GGACT,-0.70715
GGCT,-1.32495
GGH,0.4206
GGT1,1.1654
GGT5,0.1734
GH1,-0.2253
GH2,0.0798
GHR,0.5233
GHRHR,0.5184
GHRL,-0.4538
GID8,-1.0586
GIGYF2,-1.5065
GIMAP7,0.43445
GIMAP8,-1.28655
GIPC2,-0.4313
GIPC3,-2.7742
GIT1,-0.6817
GJA8,-1.84885
GKN1,-0.087
GLB1,-0.747
GLI2,-1.04515
GLIPR1,0.16725
GLO1,-1.0478
GLOD4,-0.7647
GLP1R,-0.3291
GLRX,-0.5663
GLRX5,-1.28725
GLT8D2,1.3179
GLYR1,-0.89265
GM2A,-0.9155
GMFG,-1.75565
GMPR,-0.629
GMPR2,-0.64755
GNAS,-0.0826
GNE,-0.9579
GNGT1,0.1352
GNLY,-1.5771
GNPDA1,-0.57495
GNPDA2,0.51865
GOLGA3,4.0797
GOLM2,-0.1583
GOPC,-0.6468
GORASP2,-0.5195
GOT1,0.04165
GP1BA,-0.7787
GP1BB,-1.09785
GP2,0.5129
GP5,-0.2169
GP6,-1.7344
GPA33,0.4237
GPC1,0.1548
GPC5,-1.8732
GPD1,1.93655
GPHA2,0.24745
GPI,-0.8965
GPIHBP1,-0.37645
GPKOW,-0.0603
GPNMB,-0.2871
GPR101,-2.8347
GPR158,0.5509
GPR15L,0.1578
GPR37,-0.2857
GPRC5C,0.50665
GRAP2,-1.1645
GRHPR,-0.42515
GRIK2,0.4376
GRIN2B,0.3414
GRK5,-1.5783
GRN,-0.3017
GRP,-0.39155
GRPEL1,0.0349
GRSF1,-0.0716
GSAP,0.8517
GSN,0.1179
GSR,0.05995
GSTA1,0.3998
GSTA3,-0.6493
GSTM4,-0.8172
GSTP1,-1.7637
GSTT2B,-0.3115
GTF2IRD1,-0.6248
GTPBP2,-1.0535
GUCA2A,-0.154
GUCY2C,0.21415
GUK1,-2.52535
GUSB,-0.466
GYS1,-2.9135
GZMA,-0.1131
GZMH,-0.4643
H2AP,-2.3524
HADH,-0.0853
HAGH,0.1028
HAO1,1.9794
HARS1,-0.5887
HAVCR1,-1.2411
HAVCR2,-0.9195
HBEGF,-0.311
HBQ1,-0.7178
HBZ,-1.20265
HCG22,0.58335
HCLS1,-1.3977
HDAC8,-0.5402
HDAC9,0.2544
HDDC2,-0.38215
HDGF,-1.6846
HDGFL2,-0.3526
HEBP1,-0.058
HEG1,0.24975
HEPACAM2,-0.4938
HEPH,0.32495
HEXIM1,-0.4083
HGF,-0.6392
HGFAC,0.0669
HGS,-1.7154
HHEX,-0.6341
HIF1A,-0.2848
HIP1,0.06575
HIP1R,-0.3763
HJV,0.5636
HK2,0.5433
HLA-A,0.111
HLA-DRA,-0.4411
HLA-E,-0.4297
HMBS,-1.4931
HMCN2,0.3284
HMGCL,0.3318
HMGCS1,0.33575
HMMR,0.68725
HMOX1,-0.5488
HMOX2,-0.0013999999999999
HNF1A,0.8028
HNMT,-0.3563
HNRNPK,-0.6562
HNRNPUL1,-0.6275
HPCAL1,-0.2724
HPGDS,0.4915
HPSE,-0.7226
HRAS,-0.28855
HRC,0.2172
HRG,-0.19675
HS1BP3,-1.86645
HS3ST3B1,0.4005
HS6ST1,-0.3378
HS6ST2,0.12925
HSBP1,-0.2198
HSD11B1,-0.6492
HSD17B14,0.0699000000000001
HSD17B3,0.94615
HSDL2,0.0533
HSP90B1,0.2843
HSPA1A,-0.7254
HSPA2,-0.03685
HSPB1,-0.5598
HSPB6,-0.188
HSPG2,0.1272
HTR1A,2.3349
HTR1B,-0.2895
HTRA2,-0.4639
HYAL1,-0.1656
HYOU1,-0.2063
ICA1,-0.1117
ICAM1,-0.0883
ICAM2,-0.2764
ICAM3,-0.0362
ICAM4,0.6741
ICAM5,-1.2202
ICOSLG,0.0607
ID4,0.4938
IDI2,-1.931
IDO1,0.1311
IDS,-0.0298
IDUA,-1.5181
IFI30,-1.05005
IFIT3,-0.78975
IFNAR1,-0.22505
IFNG,-0.2901
IFNGR1,-0.7235
IFNGR2,1.5472
IFNL1,-0.9106
IFNL2,1.1494
IFNLR1,-0.0053999999999999
IFNW1,-0.4159
IFT20,-0.1596
IGBP1,-1.1319
IGDCC3,0.1753
IGDCC4,0.37555
IGF1R,-0.3286
IGF2BP3,-0.67475
IGF2R,-0.1637
IGFBP1,-0.3774
IGFBP2,-2.0024
IGFBP3,0.1428
IGFBP4,-0.7239
IGFBP6,-0.2226
IGFBP7,-0.0273
IGFBPL1,-0.0404
IGFL4,0.19355
IGHMBP2,0.05355
IGLC2,-0.32
IGLON5,-0.1119
IGSF21,0.13785
IGSF3,0.317
IGSF8,-0.0517999999999998
IGSF9,-0.2762
IKBKG,-0.5831
IKZF2,2.4978
IL10,0.1049
IL10RA,-0.7493
IL10RB,-0.7326
IL11,-0.799
IL12A_IL12B,-0.7192
IL12B,-0.294
IL12RB1,0.1914
IL12RB2,-1.72435
IL13,-1.2647
IL13RA1,0.2626
IL13RA2,-0.3648
IL15,0.0468999999999999
IL15RA,-0.3088
IL16,-0.4258
IL17A,-1.6141
IL17C,-1.2022
IL17D,-0.0506
IL17F,-1.3367
IL17RA,0.7603
IL17RB,-1.0128
IL18,-1.046
IL18BP,-0.8473
IL18R1,-0.3065
IL18RAP,1.2783
IL19,-0.3465
IL1A,0.1407
IL1B,-1.2493
IL1R1,-0.0007999999999999
IL1R2,0.203
IL1RAP,-0.4519
IL1RL1,-0.444
IL1RL2,0.1968
IL1RN,-0.414
IL2,-1.6003
IL20,0.2374
IL20RA,-0.9447
IL20RB,0.5026
IL21R,-1.07975
IL22,-0.95715
IL22RA1,-0.6728
IL24,0.9803
IL25,-0.0208
IL2RA,-0.9515
IL2RB,-0.3835
IL2RG,-0.8265
IL3,6.69065
IL31,-0.98375
IL31RA,-0.21465
IL32,0.2257
IL33,-0.013
IL34,-0.9467
IL36A,1.4033
IL36G,0.11115
IL3RA,1.2606
IL4,-4.8369
IL4R,-0.2407
IL5,-0.7931
IL5RA,-0.9876
IL6,-0.0321
IL6R,-0.6738
IL6ST,0.2595
IL7,-0.0128
IL7R,0.5847
IL9,-0.1683
ILKAP,-0.8681
IMMT,-1.62565
IMPA1,0.3737
IMPACT,-0.6083
IMPG1,-1.4256
ING1,0.3361
INHBB,-0.8726
INHBC,-0.0383
INPP1,-0.4202
INPP5D,-1.18505
INPP5J,-1.3548
INPPL1,-1.1153
INSL3,-1.0476
INSL4,1.15395
INSL5,-1.1332
INSR,0.01055
IPCEF1,-3.0091
IQGAP2,-0.233
IRAG2,-1.0304
IRAK1,-1.4699
IRAK4,-3.1436
ISLR2,0.6341
ISM1,-1.022
ISM2,-0.6306
IST1,-2.17045
ITGA11,0.4339
ITGA2,0.51885
ITGA5,-0.1975
ITGA6,-0.1157
ITGAL,-5.5247
ITGAM,0.4217
ITGAV,0.1747
ITGAX,-5.42355
ITGB1,-0.006
ITGB1BP1,-0.0906
ITGB1BP2,-8.0133
ITGB2,0.0301
ITGB5,-0.0024
ITGB6,0.656
ITGB7,-0.0837
ITGBL1,-1.30365
ITIH1,-0.4094
ITIH3,-0.5291
ITIH4,-0.86835
ITIH5,-1.2849
ITM2A,-0.5683
ITPA,-1.0076
ITPR1,-0.0435
ITPRIP,-0.2795
IVD,-6.4416
IZUMO1,-0.48335
JAM2,-0.0128
JAM3,-0.81705
JCHAIN,-0.7174
JMJD1C,-0.9251
JPT2,-1.3689
JUN,-0.4142
KAZALD1,-0.4486
KAZN,-2.43455
KCNC4,-1.6767
KCNIP4,0.1988
KCTD5,-0.0488
KDM3A,0.97605
KDR,-0.3357
KEL,-0.542
KHDC3L,0.8598
KHK,-0.1886
KIAA0319,0.3471
KIAA1549,0.3319
KIAA1549L,1.11945
KIAA2013,-1.1882
KIF1C,-0.1516
KIF20B,-6.4051
KIF22,-8.7299
KIFBP,-1.6063
KIR2DL2,-1.04895
KIR2DL3,-0.2066
KIR2DS4,3.16165
KIR3DL1,0.3562
KIR3DL2,-0.4194
KIRREL1,0.3359
KIRREL2,-0.5203
KIT,0.8737
KITLG,0.4671
KLB,0.0306
KLF4,-0.8165
KLHL41,-0.6757
KLK1,-0.0367
KLK10,0.5769
KLK11,0.2287
KLK12,0.3585
KLK13,0.6349
KLK14,0.5972
KLK15,-0.8664
KLK3,-0.06175
KLK4,-1.2379
KLK6,0.1339
KLK7,0.7469
KLK8,0.0189
KLKB1,-0.0092499999999999
KLRB1,-0.7482
KLRC1,-2.0718
KLRD1,-0.2904
KLRF1,-0.7032
KLRK1,-1.3204
KRT14,-0.9974
KRT18,-0.7381
KRT19,-0.3333
KRT5,0.6171
KRT6C,-0.2605
KRT8,0.2609
KYAT1,-0.099
KYNU,-0.3525
L1CAM,-0.0574
L3HYPDH,-0.07695
LACRT,0.8986
LACTB2,-0.7496
LAG3,-0.5454
LAIR1,-0.2757
LAIR2,-1.0935
LAMA1,0.4271
LAMA4,-0.0071999999999999
LAMB1,-0.1839
LAMP1,-0.17305
LAMP2,0.0764
LAMP3,-0.6037
LAMTOR5,-0.96315
LAP3,-8.3999
LARP1,-1.0833
LAT,-1.088
LAT2,-1.0231
LATS1,-1.18285
LAYN,-0.3371
LBP,-2.3402
LBR,-0.7626
LCAT,0.06675
LCN15,0.2961
LCN2,-0.6612
LCP1,0.7252
LDLR,-0.1426
LDLRAP1,-0.4141
LECT2,0.1046
LEFTY2,-0.2378
LEG1,0.03375
LEO1,-0.7608
LEP,0.4024
LEPR,0.1423
LETM1,0.0596
LGALS1,-0.2082
LGALS3,-0.0336
LGALS3BP,-0.8065
LGALS4,-0.4027
LGALS7_LGALS7B,0.4387
LGALS8,0.0064
LGALS9,-0.0808
LGMN,-0.5102
LHB,-0.364
LHPP,-0.4695
LIF,-2.5335
LIFR,-0.147
LILRA2,-0.5987
LILRA3,-0.37915
LILRA4,0.58715
LILRA5,0.2529
LILRA6,-2.21125
LILRB1,0.159
LILRB2,-0.5241
LILRB4,-0.5531
LILRB5,-0.971
LIPF,-0.02075
LMNB1,0.3015
LMNB2,-0.0573000000000001
LMOD1,-0.12985
LMOD2,-1.7197
LONP1,-0.6627
LPA,2.3921
LPCAT2,-0.006
LPL,0.5731
LPO,0.5219
LPP,-0.57705
LRCH4,-1.7368
LRFN2,1.4601
LRG1,-0.3679
LRIG1,-0.0297
LRIG3,-0.305
LRP1,-0.0045
LRP11,-0.5132
LRP2,0.4839
LRP2BP,-0.3267
LRPAP1,-0.0856
LRRC25,-0.8252
LRRC37A2,-1.0093
LRRC38,-0.4717
LRRFIP1,-1.209
LRRN1,0.9452
LRTM1,-0.8795
LRTM2,0.3676
LSM1,1.57
LSM8,2.2713
LSP1,-0.8085
LTA4H,-0.0053000000000002
LTB,0.9917
LTBP2,-0.5015
LTBP3,-0.6757
LTBR,-0.5817
LTO1,-0.5003
LUZP2,0.3524
LXN,0.291
LY6D,0.341
LY75,-0.5365
LY9,-0.1013
LY96,-0.2912
LYAR,-0.6305
LYN,0.4003
LYPD1,-0.9361
LYPD3,-0.1947
LYPD8,-1.4052
LYPLA2,1.0214
LYSMD3,-0.8907
LYVE1,-0.4025
LYZL2,-1.4786
LZTFL1,-0.34625
M6PR,0.05305
MAD1L1,-1.0252
MAEA,-0.8631
MAG,0.6359
MAGED1,-0.5888
MAMDC2,0.10835
MAMDC4,0.7486
MAN1A2,-0.0635
MAN2B2,-0.127
MANEAL,-3.2771
MANF,-1.0405
MANSC1,-0.6455
MANSC4,-0.8259
MAP1LC3A,-0.897
MAP1LC3B2,-2.21865
MAP2,-0.1755
MAP2K1,-0.58435
MAP2K6,-2.1434
MAP3K5,-2.2312
MAP4K5,-1.4542
MAPK13,0.4121
MAPK9,-0.2391
MAPKAPK2,-1.60295
MAPRE3,-0.59185
MAPT,0.0353
MARCO,0.2096
MARS1,-0.90565
MASP1,0.1874
MATN2,0.4562
MATN3,-0.1639
MAVS,-1.8558
MAX,-6.9421
MB,-0.8587
MBL2,0.3528
MCAM,0.0102
MCEE,-6.9992
MCFD2,-0.439
MCTS1,-1.2817
MDGA1,0.2675
MDH1,0.0108
MDK,-0.4575
MDM1,-0.023
MECR,-0.30155
MED18,-0.3462
MED21,-0.419
MEGF10,1.0496
MEGF11,-0.25025
MEGF9,-0.112
MELTF,0.1678
MENT,0.3345
MEP1A,-0.2969
MEP1B,-0.1296
MEPE,-0.2591
MERTK,-0.2202
MESD,-0.5784
MET,0.2456
METAP1,0.0688
METAP1D,-0.525
METAP2,-1.3684
MFAP3,-0.4108
MFAP3L,-0.5754
MFAP4,0.0681
MFAP5,-0.2472
MFGE8,-0.0814
MGMT,-2.4019
MIA,0.2829
MICALL2,-0.7515
MICB_MICA,-0.8293
MIF,-1.1438
MILR1,0.0024999999999999
MINDY1,-2.4829
MINK1,-1.231
MITD1,-0.4882
MKI67,-3.27145
MLLT1,-7.18255
MLN,0.1699
MME,0.6524
MMP1,-1.1421
MMP10,-0.1529
MMP12,-0.138
MMP13,-1.1246
MMP15,-0.48335
MMP3,-0.2637
MMP7,-0.0316
MMP8,-0.6717
MMP9,-1.156
MN1,-1.0835
MNAT1,-0.2413
MNDA,-1.1237
MOCS2,-0.42015
MOG,0.1581
MORC3,-1.0787
MORF4L1,1.1645
MORF4L2,-0.182
MORN4,0.1147
MPHOSPH8,-0.4805
MPIG6B,-2.1641
MPO,-0.9064
MPRIP,-0.6293
MRC1,-0.14005
MRPL24,0.24045
MRPL28,1.9604
MRPL46,-0.0662
MRPL52,-0.07965
MRPL58,-0.2792
MRPS16,0.1715
MSLN,-0.4812
MSLNL,-1.5341
MSMB,-2.7439
MSR1,-1.3583
MSRA,-0.5436
MST1,-0.6339
MSTN,0.1715
MTDH,-1.0432
MTHFD2,-0.6489
MTIF3,-0.95775
MTPN,-0.0027999999999999
MTR,-0.51995
MTSS1,-2.2743
MTSS2,-1.7499
MTUS1,0.0164000000000001
MUC13,0.8667
MUC16,-0.2701
MUC2,0.7584
MUCL3,0.5474
MVK,-0.2476
MXRA8,-0.2153
MYBPC1,-0.97285
MYBPC2,-0.78935
MYCBP2,-0.4629
MYDGF,-0.4994
MYH4,1.3481
MYH7B,0.7412
MYH9,-1.92605
MYL1,-0.0753
MYL3,-0.7646
MYL4,-1.43065
MYL6B,-0.328
MYLPF,-2.3144
MYO6,0.5793
MYO9B,-0.8282
MYOC,0.2472
MYOM1,-0.426
MYOM2,-6.26715
MYOM3,-0.22925
MZB1,0.3279
MZT1,-0.6966
NAA10,-4.46315
NAA80,-1.847
NAAA,0.2137
NACC1,-1.08
NADK,-0.6967
NAGA,0.26525
NAGK,-0.7737
NAGPA,-0.0343
NAMPT,-0.0157
NAP1L4,-0.31025
NAPRT,-0.3842
NARS1,-0.0515
NBL1,-0.4238
NBN,-1.3822
NCAM1,0.3902
NCAM2,0.4283
NCAN,0.5317
NCF2,-0.667
NCK2,-0.6064
NCLN,-0.0105999999999999
NCR1,-0.8665
NCR3LG1,-0.84095
NCS1,-0.1728
NDRG1,-0.0244000000000001
NDST1,-0.16105
NDUFA5,-1.4609
NDUFB7,-0.3093
NDUFS6,-1.5794
NEB,-0.5233
NECAP2,0.7443
NECTIN1,-0.64145
NECTIN2,-0.6378
NECTIN4,-0.1895
NEDD4L,-0.24125
NEDD9,-1.09295
NEFL,0.1319
NEK7,0.89325
NELL1,-0.3052
NELL2,0.47
NENF,-0.30265
NEO1,-0.076
NEXN,0.05885
NFASC,-0.0107
NFAT5,-0.67805
NFATC1,-1.2327
NFATC3,-1.0633
NFE2,-0.4885
NFIC,0.0638
NFKB1,-0.6757
NFKBIE,0.1524
NFU1,-2.0121
NFX1,-0.77875
NFYA,-0.1124
NGF,-0.0826
NGFR,-1.0141
NGRN,-0.2922
NHLRC3,-0.1753
NID1,0.3717
NID2,0.0501
NINJ1,-2.2839
NIT1,-0.86735
NIT2,-0.80055
NLGN1,-0.4974
NLGN2,-0.0927000000000006
NME1,-0.1235
NME3,0.3167
NMI,-0.44365
NMNAT1,-0.6095
NMRK2,1.3175
NMT1,-0.362
NOMO1,-0.1733
NOP56,-1.6593
NOS1,-1.0666
NOS2,0.9129
NOS3,-0.7025
NOTCH1,0.2085
NOTCH2,0.2148
NOTCH3,-0.4659
NPC2,-0.3258
NPDC1,-0.0653
NPHS1,-0.37165
NPHS2,-0.14275
NPL,-0.58005
NPM1,-0.4805
NPPB,-0.8821
NPPC,0.7181
NPR1,-0.0076499999999998
NPTN,-0.2779
NPTX1,0.3211
NPTX2,-0.55605
NPTXR,0.4474
NPY,0.6129
NRCAM,0.4678
NRGN,-1.30405
NRN1,0.7309
NRP1,-0.4763
NRP2,0.0566
NRTN,-0.7828
NRXN3,0.4333
NSFL1C,-2.0253
NT-proBNP,-1.7449
NT5C,-0.21115
NT5C1A,-0.4914
NT5C3A,-0.3875
NT5E,0.2322
NTF3,0.2102
NTF4,-0.2502
NTRK2,0.7414
NTRK3,-0.0696
NUB1,-1.025
NUBP1,1.75565
NUCB2,-0.1419
NUDC,-0.264
NUDT10,-0.26145
NUDT15,0.77875
NUDT16,-0.3766
NUDT2,-0.2815
NUDT5,-0.5534
NUMB,-0.6764
NUP50,0.3441
NXPE4,-0.3471
NXPH1,0.4776
NXPH3,0.08515
OBP2B,-0.3647
OCLN,-0.4724
ODAM,0.1387
OFD1,0.258
OGA,-1.14465
OGFR,-0.5612
OGN,0.055
OLFM4,0.54315
OLR1,-0.8635
OMD,0.1358
OMG,0.7591
OMP,-0.4823
OPHN1,2.3034
OPLAH,-0.004
OPTC,0.0129
ORM1,-0.0389
OSBPL2,-0.4879
OSCAR,-0.6417
OSM,-1.3975
OSMR,-0.255
OSTN,-1.1507
OTOA,0.2761
OTUD6B,-0.7889
OTUD7B,-0.1545
OXCT1,0.3259
OXT,1.1957
P4HB,0.4524
PACS2,-2.1793
PADI2,1.9375
PADI4,-0.8033
PAEP,-0.6446
PAFAH2,-6.3301
PAG1,-1.0192
PAGR1,-0.71125
PAIP2B,-0.7306
PAK4,0.0472999999999998
PALLD,-7.2897
PALM,0.01555
PALM2,-1.5745
PALM3,0.0272
PAM,0.2264
PAMR1,0.2723
PAPPA,-0.7115
PARD3,-0.01325
PARK7,-0.9558
PARP1,-0.0591
PAXX,-0.71955
PBK,-0.91095
PBLD,-0.3842
PBXIP1,-0.0835
PCARE,-1.588
PCBD1,0.0539
PCBP2,0.2927
PCDH1,-0.1208
PCDH12,0.1695
PCDH17,0.7566
PCDH7,0.2086
PCDH9,-0.10815
PCDHB15,0.3194
PCNA,-0.03405
PCOLCE,-0.2354
PCSK7,-0.73355
PCSK9,0.1305
PCYT2,-0.29465
PDAP1,-0.8918
PDCD1,-0.9868
PDCD1LG2,-0.2547
PDCD5,-0.1437
PDCD6,0.2223
PDCL2,-8.36695
PDE1C,-0.0566999999999999
PDE4D,-0.0488
PDE5A,-0.6225
PDGFA,-0.4823
PDGFB,-0.559
PDGFC,-0.2254
PDGFRA,-0.3129
PDGFRB,-0.7461
PDIA2,-8.25805
PDIA3,0.36025
PDIA4,-0.4946
PDIA5,-1.5376
PDLIM5,-1.6209
PDLIM7,-2.4177
PDP1,0.0491
PDRG1,-0.8996
PDXDC1,-1.2663
PDZD2,-1.07655
PDZK1,0.0133999999999999
PEAR1,-0.2055
PEBP1,-0.8981
PECAM1,-0.1465
PECR,-0.5776
PENK,0.00355
PEPD,0.19145
PF4,-2.67955
PFDN2,-0.4259
PFDN4,-1.4935
PFDN6,-0.367
PFKFB2,-0.9691
PGA4,-0.8757
PGD,-0.5537
PGF,-0.126
PGLYRP2,-1.0507
PGLYRP4,-0.16265
PGM2,-0.0557
PGR,-0.20185
PHACTR2,-0.9009
PHLDB1,-0.7465
PHLDB2,-6.24125
PHOSPHO1,-0.0093999999999999
PHYKPL,1.0922
PI16,-0.2437
PI3,-0.4566
PIBF1,-1.0373
PIGR,-1.5261
PIK3AP1,-1.5548
PIK3IP1,-0.522
PIKFYVE,-0.9323
PILRA,-0.7461
PILRB,-1.0406
PINLYP,0.22725
PITHD1,1.46465
PKD1,0.08805
PKD2,-1.77755
PKLR,0.3603
PKN3,-2.32475
PLA2G10,0.2214
PLA2G15,0.0159
PLA2G1B,0.4539
PLA2G2A,0.9116
PLA2G4A,-0.0372000000000001
PLA2G7,-0.5975
PLAT,-0.5935
PLAU,0.1866
PLAUR,-0.6302
PLB1,0.2191
PLCB1,-1.02635
PLCB2,-1.1721
PLEKHO1,-0.3808
PLG,0.2066
PLIN1,0.4655
PLIN3,-0.9337
PLPBP,-0.8942
PLSCR3,-1.8132
PLTP,0.0967
PLXDC1,0.3157
PLXDC2,-1.3653
PLXNA4,-1.0378
PLXNB2,0.0545
PLXNB3,-0.8465
PM20D1,-0.0282000000000001
PMCH,0.20335
PMM2,-1.998
PMS1,-1.1632
PMVK,-3.9197
PNLIP,-0.63135
PNLIPRP1,-1.1391
PNLIPRP2,-8.7805
PNMA1,-1.2624
PNMA2,-0.6867
PNPT1,0.7788
PODXL,0.0613
PODXL2,-0.112
POF1B,-0.21445
POLR2A,-0.872
POLR2F,-0.192
POMC,-0.5252
PON1,-1.17835
PON2,-0.2496
PON3,-1.0225
POSTN,-0.7483
PPBP,-0.4015
PPCDC,-0.2176
PPIB,0.1036
PPIE,0.38595
PPL,0.27015
PPM1A,-0.7354
PPM1B,0.28655
PPM1F,-0.5951
PPME1,-1.2178
PPP1CC,-0.18995
PPP1R12A,-0.9674
PPP1R12B,-0.29915
PPP1R14A,-1.5107
PPP1R14D,-0.7068
PPP1R2,-0.4842
PPP1R9B,-0.7955
PPP2R5A,0.0912499999999999
PPP3R1,-0.5834
PPT1,1.8607
PPY,-2.4926
PQBP1,-0.1796
PRAME,-0.63995
PRAP1,0.19095
PRC1,0.33105
PRCP,0.1735
PRDX1,-1.1876
PRDX2,-0.0269
PRDX3,-0.2746
PRDX5,-1.4017
PRDX6,-0.8367
PREB,-0.1331
PRELP,0.2729
PRG2,-1.04335
PRG3,-0.78825
PRKAB1,-1.6235
PRKAG3,-7.8329
PRKAR1A,-1.0961
PRKAR2A,-1.3178
PRKCQ,-1.5065
PRKD2,-1.07695
PRKG1,-2.5712
PRKRA,-0.9442
PRL,-0.4437
PRND,0.3591
PROC,0.1896
PROCR,0.3317
PROK1,-0.1859
PROS1,0.2325
PRR4,1.1624
PRR5,-1.45295
PRRT3,-0.47955
PRSS2,-0.1807
PRSS22,-0.01845
PRSS27,-0.6765
PRSS53,0.0121
PRSS8,-0.7069
PRTFDC1,-1.3156
PRTG,0.1996
PRTN3,-1.0019
PRUNE2,-0.01375
PSAP,-0.5885
PSAPL1,-0.57705
PSCA,-0.5338
PSIP1,-0.5576
PSMA1,-6.3486
PSMC3,-0.56475
PSMD1,-0.4526
PSMD5,-0.6071
PSMD9,-1.0503
PSME1,-0.5719
PSME2,-0.2615
PSMG3,-1.2829
PSMG4,-0.47815
PSPN,-2.1609
PSRC1,-0.5024
PSTPIP2,-2.2343
PTEN,-0.1082
PTGDS,0.3046
PTGES2,-0.642
PTGR1,1.54675
PTH,0.6173
PTH1R,-0.1035
PTK7,-0.0489000000000001
PTN,-1.8896
PTP4A3,-0.75905
PTPN1,-2.2895
PTPN6,-0.5872
PTPN9,-2.24595
PTPRB,-0.18685
PTPRC,-0.44725
PTPRF,-0.2307
PTPRH,0.2342
PTPRK,-0.1377
PTPRM,0.4042
PTPRN2,0.2679
PTPRR,0.5796
PTPRS,-0.0232
PTPRZ1,0.0047999999999999
PTRHD1,-1.29525
PTS,-0.9617
PTTG1,-8.60165
PTX3,-3.1086
PVALB,-2.2178
PVR,-0.1085
PXDNL,0.1517
PXN,-0.7875
PYDC1,-0.8226
PYY,-7.45455
PZP,1.2609
QDPR,-0.1005
QPCT,-0.4577
QSOX1,-0.3461
RAB10,-1.1481
RAB11FIP3,-2.0589
RAB27B,-2.84505
RAB2B,-0.71205
RAB33A,-1.9262
RAB37,-1.5088
RAB39B,-0.6578
RAB3GAP1,-6.0055
RAB44,-0.1297
RAB6A,0.0573
RAB6B,0.152
RABEP1,-0.70405
RABEPK,-1.429
RABGAP1L,-0.6924
RAC3,-0.0340000000000001
RAD23B,-0.7469
RAD51,-0.69585
RALB,-0.3522
RALY,-0.54845
RANBP1,-1.6235
RANBP2,-0.5722
RANGAP1,-0.3837
RAP1A,-0.50995
RARRES1,0.4022
RARRES2,-0.0581
RASA1,-0.7469
RASGRF1,-7.21455
RASSF2,-1.0044
RBFOX3,-0.4396
RBKS,-1.4575
RBM17,-1.6945
RBM19,0.3774
RBM25,0.73845
RBP1,-0.9718
RBP2,-1.1291
RBP5,-0.6263
RBP7,-0.371
RBPMS,-1.93105
RBPMS2,-3.10365
RCC1,0.01345
RCOR1,-1.1409
RECK,-0.02005
REEP4,-0.4716
REG1A,-0.59
REG1B,-0.5555
REG3A,-0.2202
REG3G,-2.44175
REG4,-0.1271
RELB,-1.27155
RELT,-0.4641
REN,-0.7044
REPS1,0.0507
REST,0.47175
RET,0.3809
RETN,-0.6825
REXO2,-0.33685
RFC4,-0.26305
RGCC,-0.7568
RGL2,0.1577
RGMA,0.218
RGMB,0.002
RGS10,-1.6916
RGS8,0.0942
RHOC,-0.6874
RICTOR,-1.0771
RIDA,-0.40825
RILP,-0.9551
RILPL2,-0.94705
RIPK4,0.5442
RLN1,0.094
RLN2,0.30735
RNASE1,-0.5007
RNASE10,-0.30905
RNASE3,-0.3825
RNASE4,0.04565
RNASE6,-0.11235
RNASEH2A,-7.3209
RNASET2,-0.3462
RNF149,-0.68195
RNF168,-2.1686
RNF31,-0.8797
RNF4,0.8947
RNF41,-0.7763
RNF43,-1.0423
RNF5,-0.4785
ROBO1,0.0461
ROBO2,0.1035
ROBO4,0.08625
ROR1,-0.0974
RP2,-0.1527
RPA2,0.4378
RPE,0.2965
RPGR,0.2673
RPL14,-0.4236
RPS10,-0.14615
RRAS,-7.8493
RRM2,0.2822
RRM2B,-1.2985
RSPO1,-0.4484
RSPO3,-0.0784000000000001
RTBDN,0.3039
RTKN2,-0.35865
RTN4IP1,-1.2913
RTN4R,-0.0972
RUVBL1,-1.3101
RWDD1,-0.9227
RYR1,-7.0432
S100A11,-0.3071
S100A12,-0.57
S100A13,0.1788
S100A14,0.6426
S100A16,0.1271
S100A3,-0.00295
S100A4,-0.1418
S100G,-0.9561
S100P,-1.2825
SAA4,0.3786
SAFB2,-0.3126
SAG,1.4225
SAMD9L,-1.1042
SAP18,1.5836
SARG,-1.394
SART1,-0.96385
SAT1,-0.4248
SAT2,-2.0538
SATB1,-0.1553
SBSN,-0.68955
SCAMP3,-1.8444
SCARA5,-0.1628
SCARB1,0.223
SCARB2,-0.4068
SCARF1,-0.9862
SCARF2,-0.5134
SCG2,0.179
SCG3,-0.0929
SCGB1A1,0.4356
SCGB2A2,0.47275
SCGB3A1,-0.4889
SCGB3A2,1.1991
SCGN,0.299
SCIN,0.4175
SCLY,0.1519
SCN2A,0.2831
SCN2B,1.1264
SCN3A,0.6327
SCN3B,0.8898
SCN4B,-0.204
SCP2,0.3542
SCPEP1,0.0393500000000001
SCRG1,-0.0181
SCRIB,-0.94755
SCRN1,-0.7927
SCT,0.1615
SDC1,-0.4135
SDC4,-0.1591
SDCCAG8,-1.08355
SDHB,1.3594
SDK2,0.63175
SEC31A,0.30085
SEL1L,-0.58075
SELE,-0.7856
SELENOP,-0.442
SELL,-0.6324
SELP,-0.5478
SELPLG,-0.3096
SEMA3F,-0.1472
SEMA3G,0.3165
SEMA4C,-0.2665
SEMA4D,-0.7505
SEMA6C,0.64385
SEMA7A,-0.1174
SEPTIN3,-1.0187
SEPTIN7,-5.77335
SEPTIN8,-0.5287
SEPTIN9,-0.5015
SERPINA1,-0.1772
SERPINA11,-0.0488
SERPINA12,5.9559
SERPINA3,-1.0036
SERPINA4,0.0741
SERPINA5,-0.34385
SERPINA6,0.1823
SERPINA7,-0.0387
SERPINA9,-1.0204
SERPINB1,-0.8257
SERPINB5,-3.295
SERPINB6,-0.6413
SERPINB8,-0.6821
SERPINB9,-0.4912
SERPINC1,-0.13505
SERPIND1,0.1823
SERPINE1,-0.2812
SERPINE2,0.2473
SERPINF1,-0.15645
SERPINF2,0.1927
SERPING1,-0.11805
SERPINH1,-0.24335
SERPINI1,-0.00425
SERPINI2,0.33315
SESTD1,-0.2459
SETMAR,0.0492
SEZ6,0.4857
SEZ6L,0.3527
SEZ6L2,0.1685
SF3B4,-0.7067
SFRP1,1.229
SFRP4,0.0869
SFTPA1,-1.92
SFTPA2,-1.6278
SFTPD,-0.3178
SGSH,0.27905
SH2B3,-1.9445
SH2D1A,-0.9742
SH3BGRL2,-0.6034
SH3BP1,-0.6204
SH3GLB2,-0.9116
SHBG,-1.0277
SHC1,-4.7738
SHD,-2.1001
SHH,0.20525
SHISA5,-0.58565
SHMT1,-0.7026
SHPK,-0.84705
SIAE,0.0566000000000001
SIGLEC1,-0.8331
SIGLEC10,-1.0766
SIGLEC15,0.5001
SIGLEC5,-3.042
SIGLEC6,-0.2886
SIGLEC7,0.051
SIGLEC8,-0.70205
SIGLEC9,-0.5313
SIL1,-0.0555000000000001
SIRPA,-0.2827
SIRPB1,-1.0791
SIRT1,-1.10155
SIRT2,-0.7877
SIRT5,1.3538
SIT1,-0.4079
SKAP1,0.318
SKAP2,-1.8922
SKIV2L,-0.2753
SLA2,-0.0432
SLAMF1,-0.6282
SLAMF6,1.6341
SLAMF7,-0.5984
SLAMF8,-0.8535
SLC12A2,-0.56435
SLC13A1,-1.2416
SLC16A1,-1.4096
SLC1A4,-5.9013
SLC27A4,-2.4114
SLC28A1,0.5945
SLC34A3,-0.1741
SLC39A14,-0.8973
SLC39A5,-0.0868
SLC44A4,-1.6698
SLC4A1,-0.19685
SLC51B,0.29805
SLC9A3R1,-0.6252
SLC9A3R2,-0.6936
SLIRP,-0.16395
SLIT2,1.3352
SLITRK1,0.10585
SLITRK2,0.3843
SLITRK6,-0.0432
SLK,-1.11485
SLMAP,-1.02905
SLURP1,-0.11725
SMAD1,-0.8488
SMAD2,-6.48825
SMAD3,-2.0902
SMAD5,0.2268
SMARCA2,-3.2153
SMC3,-0.0717000000000001
SMNDC1,-0.94915
SMOC1,-0.1517
SMOC2,0.3219
SMPD1,-0.2025
SMPD3,0.3708
SMPDL3A,0.183
SMPDL3B,0.14675
SMS,-2.0757
SMTN,-2.927
SNAP23,-2.6693
SNAP25,1.522
SNAP29,-2.6662
SNCA,-1.7296
SNCG,0.6619
SNED1,-0.37405
SNRPB2,-0.9642
SNU13,-0.4298
SNX18,-0.66165
SNX2,-0.18725
SNX5,-0.23195
SNX9,-1.0112
SOD1,-0.7824
SOD2,0.52
SOD3,0.80585
SORBS1,-0.2174
SORCS2,1.1905
SORD,0.0384999999999997
SORT1,-0.8171
SOST,0.0135
SOWAHA,-0.7585
SOX2,-2.1177
SOX9,1.8015
SPACA5_SPACA5B,0.0456
SPAG1,-0.5637
SPARC,-2.2215
SPARCL1,0.1741
SPART,-1.7211
SPESP1,-0.50525
SPINK1,-0.4703
SPINK2,0.01585
SPINK4,0.4155
SPINK5,-1.1552
SPINK6,1.6295
SPINK8,-0.0376
SPINT1,-0.2277
SPINT2,-0.4333
SPINT3,-0.9779
SPOCK1,0.8701
SPON1,-0.149
SPON2,-0.2573
SPP1,-0.3107
SPRED2,-0.2384
SPRING1,-0.0025500000000002
SPRR1B,-0.44055
SPRR3,0.2253
SPRY2,-1.0059
SPTBN2,-0.8608
SPTLC1,-0.593
SRC,-2.2579
SRP14,-0.9425
SRPK2,-0.8722
SRPX,-0.2438
SSB,-1.6983
SSC4D,1.6983
SSC5D,-0.1497
SSH3,-0.784
SSNA1,-1.18765
ST13,-1.08705
ST3GAL1,-0.1695
ST6GAL1,-0.3093
ST8SIA1,0.69785
STAB2,-0.0094999999999999
STAM,-1.50795
STAMBP,-0.6154
STAT2,0.56285
STAT5B,-1.5107
STAU1,-0.5833
STC1,0.5212
STC2,0.0535
STEAP4,-0.9845
STIP1,-0.6819
STK11,-2.0952
STK24,-1.1421
STK4,-0.1048
STOML2,0.62785
STX16,-1.0191
STX1B,0.1225
STX3,-0.47
STX4,-1.7628
STX5,-0.94315
STX6,-0.8019
STX7,-1.3443
STX8,-0.7575
STXBP1,-2.2029
STXBP3,-1.1781
SUGP1,-1.19095
SUGT1,-1.5471
SULT1A1,-2.9341
SULT2A1,-0.779
SUMF1,-0.1817
SUMF2,-0.0935999999999999
SUOX,-0.3115
SUSD1,-1.8811
SUSD2,-0.0761
SUSD4,0.0837499999999999
SUSD5,-0.3883
SV2A,-1.3807
SWAP70,-0.56665
SYAP1,-5.45215
SYNGAP1,-1.1422
SYT1,0.3307
SYTL4,-1.76295
TAB2,-0.58395
TACC3,-2.3211
TACSTD2,0.0814
TADA3,-0.4306
TAFA5,-0.02
TALDO1,-0.4162
TANK,-0.4688
TAP1,0.60245
TARBP2,-3.0179
TARM1,-0.6647
TARS1,-1.9325
TAX1BP1,-0.7098
TBC1D17,-1.5056
TBC1D23,-2.2542
TBC1D5,0.1001
TBCA,-1.1244
TBCB,-2.4637
TBCC,-0.6984
TBL1X,-0.6671
TBR1,0.424
TCL1A,-0.5358
TCL1B,0.3046
TCN1,-0.29485
TCN2,-0.1938
TCOF1,-0.41755
TCP11,-0.19585
TCTN3,-0.1731
TDGF1,-1.6996
TDO2,0.5695
TDP1,-0.9347
TDRKH,-1.1898
TEF,-0.01715
TEK,0.1738
TERF1,-1.54985
TET2,-0.2876
TEX101,-2.7789
TEX33,-1.874
TF,0.20945
TFAP2A,-1.5175
TFF1,-0.17
TFF2,-0.3285
TFF3,-0.2341
TFPI,-0.0994
TFPI2,0.6162
TFRC,0.2255
TG,-0.7067
TGFA,0.1516
TGFB1,-0.4673
TGFB2,-0.7142
TGFBI,0.0743
TGFBR1,-0.4278
TGFBR2,-0.3194
TGFBR3,-0.0202000000000001
TGM2,-0.2679
TGOLN2,-0.55825
THAP12,-1.5122
THBD,-0.2329
THBS2,0.0745000000000001
THBS4,-0.2875
THOP1,-0.059
THPO,0.21
THRAP3,1.02665
THSD1,0.18085
THTPA,-0.8657
THY1,-0.2212
TIA1,-0.258
TIE1,-1.7113
TIGAR,0.2592
TIGIT,-0.3858
TIMD4,-0.1138
TIMM10,0.1008
TIMM8A,-0.0072
TIMP1,-0.5206
TIMP2,-0.8607
TIMP3,-0.8316
TIMP4,-0.5313
TINAGL1,-0.1542
TJAP1,-0.6433
TJP3,-0.6888
TK1,-1.86875
TLR1,0.28485
TLR2,-0.0671
TLR3,0.4083
TLR4,-0.09055
TMCO5A,0.0278000000000001
TMED1,-1.72855
TMED10,0.7545
TMED4,0.32855
TMED8,-1.42985
TMEM106A,-0.5041
TMEM132A,-0.43485
TMEM25,0.5052
TMOD4,-8.3111
TMPRSS11B,-0.9796
TMPRSS11D,0.2572
TMPRSS15,1.5608
TMPRSS5,-0.0537
TMSB10,-0.3281
TNC,0.8079
TNF,0.1855
TNFAIP2,-0.3784
TNFAIP8,-0.0097000000000001
TNFAIP8L2,-0.70475
TNFRSF10A,-0.0316000000000001
TNFRSF10B,-0.6236
TNFRSF10C,0.0934
TNFRSF11A,-0.2948
TNFRSF11B,-0.2735
TNFRSF12A,-0.4395
TNFRSF13B,0.0302
TNFRSF13C,0.1205
TNFRSF14,-0.9761
TNFRSF17,-0.3007
TNFRSF19,-0.3141
TNFRSF1A,-0.5159
TNFRSF1B,-0.5161
TNFRSF21,-0.5612
TNFRSF4,-0.2567
TNFRSF6B,-0.7065
TNFRSF8,-0.5423
TNFRSF9,-0.8326
TNFSF10,0.1277
TNFSF11,-0.2492
TNFSF12,-0.21
TNFSF13,0.0486
TNFSF13B,0.4172
TNFSF14,-1.2793
TNFSF8,0.00265
TNFSF9,-0.83975
TNIP1,-1.5654
TNN,-0.33395
TNNI3,-0.3322
TNR,-0.1972
TNXB,0.2794
TOM1L2,-7.2549
TOMM20,-0.246
TOP1,-0.30995
TOP1MT,-1.12205
TOP2B,-1.526
TOR1AIP1,-0.44665
TP53,-2.5525
TP53BP1,-0.65635
TP53I3,0.00105
TP53INP1,-0.2942
TP73,2.9159
TPBGL,-0.6186
TPD52L2,-1.03845
TPK1,-0.61725
TPM3,-0.72495
TPMT,-0.7835
TPP1,-0.3223
TPPP2,-5.40625
TPPP3,-1.5675
TPR,-1.2997
TPRKB,-1.1407
TPSAB1,0.1129
TPSD1,-0.055
TPSG1,-0.96505
TPT1,-1.7177
TRAF2,-0.9809
TRAF3,-0.3436
TRAF3IP2,-1.36775
TRDMT1,-2.93465
TREH,1.16245
TREM2,-0.6089
TREML1,-1.9261
TREML2,-0.9656
TRIAP1,-0.1417
TRIM21,-0.6504
TRIM24,-1.07665
TRIM25,-2.32115
TRIM26,-1.15555
TRIM40,-0.2676
TRIM5,-0.5599
TRIM58,-1.47575
TRPV3,0.87095
TSC22D1,-0.7044
TSHB,0.5281
TSLP,-0.7738
TSPAN1,-0.4335
TSPAN15,0.32465
TSPAN7,-0.2177
TSPAN8,-1.09285
TSPYL1,-0.4437
TST,0.0612
TTF2,-6.0697
TTN,0.16625
TTR,0.24695
TUBB3,-0.9387
TWF2,-2.4589
TXK,0.0084999999999999
TXLNA,-0.4768
TXN,-0.4205
TXNDC15,-0.4896
TXNDC5,-0.9183
TXNDC9,-0.3052
TXNL1,0.521
TXNRD1,0.0345
TYMP,-0.3761
TYRO3,0.2019
TYRP1,-0.41845
UBAC1,-0.1589
UBE2B,-1.22695
UBE2L6,-1.4304
UBE2Z,-0.8158
UBQLN3,1.71595
UBXN1,0.0212
UFD1,-1.27985
UGDH,-0.53065
UHRF2,0.50055
ULBP2,-0.7144
UMOD,0.767
UNC5D,-0.45875
UNC79,-1.11685
UNG,-0.4249
UPB1,-0.6651
UPK3A,-0.4349
UPK3BL1,-0.2908
UROD,-0.9306
USO1,-1.0009
USP25,-0.94765
USP28,-0.7097
USP47,-0.0662000000000002
USP8,-1.8433
UXS1,-0.2353
VAMP5,-0.3561
VAMP8,-1.72905
VASH1,-0.2155
VASN,-0.5467
VASP,-0.59275
VAT1,-0.1137
VAV3,-3.1608
VCAM1,-0.4317
VCAN,-0.3298
VCPKMT,0.80205
VEGFA,0.2841
VEGFB,0.28445
VEGFC,-0.0492
VEGFD,0.3733
VGF,0.7414
VIM,-1.1367
VIPR1,-0.0953
VIT,-0.4125
VMO1,0.074
VNN1,1.10225
VNN2,-1.2718
VPS28,0.0468
VPS37A,-0.1417
VPS4B,-1.4694
VPS53,-0.5804
VSIG10,0.7768
VSIG10L,0.10315
VSIG2,-0.36735
VSIG4,-0.7843
VSIR,-1.2624
VSNL1,0.5294
VSTM1,-1.5206
VSTM2B,-0.0791
VSTM2L,0.7584
VTA1,-1.3239
VTCN1,1.8779
VTI1A,-0.053
VWA1,-0.4086
VWA5A,0.76055
VWC2,-0.5238
VWC2L,0.3131
VWF,1.2431
WARS1,0.1936
WAS,-1.6971
WASF1,-0.8544
WASF3,-0.8618
WASHC3,-0.4356
WDR46,-0.81515
WFDC1,-0.01385
WFDC12,-1.3216
WFDC2,-0.4432
WFIKKN1,0.377
WFIKKN2,0.5905
WIF1,-0.22
WNT9A,-0.7105
WWP2,-0.4701
XCL1,-0.6317
XG,0.5585
XIAP,-0.3694
XPNPEP2,1.4192
XRCC4,0.2936
YARS1,-1.1817
YES1,-1.4774
YJU2,-1.5946
YOD1,-3.92665
YTHDF3,-0.3083
YWHAQ,-0.3204
YY1,-0.20825
ZBP1,0.3045
ZBTB16,-1.4433
ZBTB17,-0.3819
ZCCHC8,0.82785
ZFYVE19,-1.03765
ZHX2,-0.3546
ZNF75D,-1.4835
ZNF830,-0.7348
ZNRD2,-0.1167
ZNRF4,-0.7264
ZP3,-5.85445
ZP4,-1.08045
ZPR1,0.2191
